365,371,313,262,220,197,173,162,152,147,144,151,154,170,185,205,195,450,352,276,218,181,162,153,147,142,140,142,148,159,175,212,234,453,366,280,200,180,156,149,141,140,138,136,146,151,173,192,257,0,327,226,192,167,157,143,138,140,139,140,140,148,156,173,180,341,267,183,177,162,148,143,138,137,136,141,140,148,158,168,174,0,242,164,163,155,150,144,138,136,139,136,144,143,158,170,129,0,0,143,166,160,149,143,140,135,137,135,143,144,154,171,129,0,0,162,162,153,156,148,143,139,133,136,144,150,157,166,157,0,0,112,149,158,161,146,142,140,140,143,145,145,156,172,136,0,0,128,160,165,161,154,146,144,143,148,144,150,165,169,58,0,0,132,165,173,162,150,152,147,149,148,150,154,163,176,142,0,0,46,153,165,168,160,158,152,155,152,158,160,171,190,136,0,0,0,181,173,175,163,158,156,156,153,156,164,175,204,174,0,0,0,92,185,175,172,176,171,168,170,172,175,175,187,0,0,0,0,0,180,189,187,180,175,182,177,181,184,203,182,220,0,0,0,0,167,201,205,204,184,185,183,202,197,225,0,0
458,410,361,273,245,236,226,220,220,213,219,220,234,245,238,251,281,485,430,333,296,262,235,220,218,217,214,215,236,250,268,290,350,543,461,353,295,255,227,217,208,206,207,209,224,244,287,336,401,0,553,386,287,245,228,211,201,205,202,207,216,232,266,361,303,0,0,0,267,232,218,201,206,197,199,197,212,224,256,293,0,0,0,0,248,228,205,206,198,199,198,200,211,220,269,310,194,0,1759,154,211,209,197,200,202,198,192,200,203,209,263,0,152,0,0,0,173,202,212,205,197,193,196,198,210,217,241,0,56,0,0,0,149,209,203,206,197,202,201,199,209,213,247,0,245,0,0,0,108,216,223,210,202,204,201,203,212,221,251,308,29,0,0,0,0,201,214,207,212,209,210,207,210,226,256,236,197,0,0,0,0,223,232,221,216,213,217,214,213,229,254,0,0,0,0,0,0,222,243,240,225,224,225,221,232,248,264,0,0,0,0,0,0,71,211,241,222,226,226,227,228,247,228,0,0,0,0,0,0,0,213,237,226,222,235,247,229,237,0,0,0,0,0,0,0,0,0,244,251,222,251,256,275,0,0,0,0
477,402,351,276,252,237,226,232,240,239,237,251,235,245,256,262,332,466,408,360,282,283,282,268,270,277,270,276,279,282,300,314,0,546,0,428,359,318,314,291,270,285,272,277,294,321,310,339,368,0,0,453,405,369,319,297,292,277,277,285,302,319,368,447,541,771,0,550,508,347,292,306,283,277,290,287,295,316,389,531,281,0,0,0,0,286,302,297,271,278,274,265,284,271,0,416,0,1808,0,0,0,218,273,284,276,268,274,275,284,313,340,0,0,2042,0,0,0,0,236,279,265,267,271,283,289,311,418,935,0,0,0,0,0,0,255,277,282,272,277,282,290,331,365,1213,0,0,0,0,0,0,267,284,268,274,272,284,299,310,415,1048,0,0,0,0,0,0,265,276,293,285,284,290,297,340,345,0,0,0,0,0,0,0,241,293,289,287,280,284,284,332,271,0,0,0,0,0,0,0,0,250,285,292,286,282,301,0,0,0,0,0,0,0,818,0,0,307,295,289,288,275,252,320,0,0,0,0,0,0,0,0,0,0,0,0,290,183,240,0,0,0,0,0,0,0,0,0,0,0,0,0,0,0,0,0,0,0,0
492,393,355,294,248,221,226,215,209,202,219,241,241,234,243,259,293,484,411,355,302,280,262,263,247,242,256,240,247,262,290,303,393,517,519,389,348,318,304,275,247,268,349,204,268,306,332,362,559,0,604,0,415,471,252,267,218,244,235,171,312,294,329,473,0,0,0,0,0,0,0,293,279,211,228,262,263,0,0,0,0,0,0,0,0,0,0,224,215,202,199,210,190,187,0,0,0,0,0,0,0,0,0,209,194,171,157,163,195,248,217,254,0,0,0,0,88,0,0,212,191,177,170,177,219,216,208,238,0,0,0,0,0,0,190,199,196,185,187,188,197,256,218,1066,0,0,0,0,0,0,166,255,194,197,188,197,221,279,344,644,0,0,0,0,0,0,0,199,260,236,240,237,218,0,0,1087,0,0,0,0,0,0,377,262,283,246,232,234,256,410,769,0,0,0,0,0,0,0,0,0,0,259,234,301,255,0,0,0,0,0,0,0,0,0,0,0,0,275,240,0,326,253,0,0,0,0,0,0,0,0,0,0,0,292,203,310,0,734,0,0,0,0,0,0,0,0,0,0,0,0,375,458,0,671,0,0,0
409,326,260,240,246,233,212,234,232,222,207,220,228,237,243,263,315,399,347,300,252,263,231,244,250,228,238,256,275,259,310,329,313,470,423,358,309,298,269,187,244,228,219,314,287,377,339,455,344,518,353,0,278,287,235,147,207,190,193,248,288,345,442,624,0,0,0,601,0,251,155,204,160,168,175,211,221,262,0,0,221,0,369,0,0,131,172,165,160,167,162,167,169,242,0,0,0,0,0,0,0,163,184,162,139,139,157,155,159,213,0,1087,181,0,0,0,176,160,172,140,149,134,146,156,142,185,0,1711,0,0,0,166,136,174,172,159,135,147,147,156,165,220,0,1909,82,0,0,0,200,139,178,161,160,149,174,163,224,0,0,1745,0,0,2167,0,0,122,172,201,199,189,186,181,193,176,0,0,0,0,0,0,0,228,223,217,206,193,213,218,175,0,0,0,0,0,0,0,0,135,233,203,220,259,209,251,0,0,0,0,0,0,0,0,0,0,233,0,253,242,210,292,0,0,0,0,0,0,0,0,0,0,0,0,274,287,290,0,277,0,0,0,0,0,0,0,0,0,0,0,253,250,0,0,0,0,0,1072,0
415,306,280,250,222,231,221,234,220,221,219,226,234,231,244,267,325,395,330,297,272,267,254,245,244,254,258,262,262,280,294,363,327,467,392,328,317,317,279,287,281,285,280,292,310,338,374,389,456,534,0,398,402,0,370,279,276,266,256,341,404,432,472,0,0,0,0,0,280,430,269,278,292,306,313,348,465,486,681,771,0,0,0,0,0,382,279,268,262,263,254,314,585,1455,0,0,0,0,0,0,0,0,238,264,225,232,238,284,443,1178,0,0,0,0,0,0,0,234,244,213,231,205,210,263,373,1494,0,1764,0,0,0,0,0,0,279,223,245,246,237,292,0,1497,1741,0,0,0,0,0,0,261,244,275,266,227,243,384,0,0,0,0,0,0,0,0,0,0,283,269,269,254,251,0,0,0,0,1659,0,0,0,0,0,0,0,184,295,0,258,0,0,0,0,0,0,2209,0,0,0,0,0,257,213,374,194,371,0,0,0,0,0,2241,2125,0,0,0,0,0,357,0,0,0,1295,0,0,0,0,0,0,0,0,0,0,0,0,274,0,0,0,0,0,0,0,0,0,0,0,0,0,0,238,0,0,0,0,0,0,0,0
406,319,262,241,227,235,218,223,224,210,213,233,219,230,257,260,308,392,337,334,267,257,236,243,189,247,242,234,270,275,310,351,259,570,389,381,279,231,190,216,162,179,178,231,247,313,367,499,353,672,562,0,0,184,218,180,195,192,210,177,239,318,351,501,0,0,0,0,192,231,175,149,170,153,148,177,162,178,0,555,148,0,0,0,0,168,172,157,154,146,150,161,142,169,218,0,0,0,0,0,221,161,163,155,124,123,124,135,120,145,197,0,110,0,0,0,159,155,158,140,125,103,115,155,139,173,199,1676,115,0,0,0,179,143,164,143,125,129,135,130,133,164,173,0,101,0,0,0,73,190,163,163,162,140,152,151,170,136,233,0,6,0,0,0,23,143,172,171,182,168,157,159,137,178,0,0,135,0,0,146,0,98,185,221,191,207,205,206,129,0,326,0,0,0,0,0,0,141,257,196,170,196,233,242,0,182,0,0,0,0,0,0,0,0,216,245,253,205,234,264,0,0,0,0,0,0,1983,0,0,0,190,296,283,211,233,222,0,0,0,0,0,0,0,0,0,0,0,0,238,253,236,0,0,0,0,0,0
276,216,200,181,183,195,182,197,158,175,158,143,159,186,206,208,217,327,242,236,209,206,163,189,190,148,167,143,189,0,247,238,308,315,321,265,198,217,199,165,151,175,190,176,162,170,214,0,216,0,365,245,169,180,164,175,158,136,177,158,239,173,0,421,147,0,359,302,207,115,141,148,151,153,142,147,160,211,423,0,161,0,618,0,112,137,143,153,146,137,137,143,149,158,187,239,127,0,0,0,175,140,155,121,101,103,114,135,120,108,167,273,20,0,0,155,140,140,154,126,104,93,118,132,119,102,146,241,106,0,0,201,112,134,156,128,105,109,119,146,121,138,171,281,0,0,0,0,126,150,141,142,135,125,144,154,134,155,172,285,14,0,0,0,108,102,151,145,162,160,152,165,151,163,209,0,0,0,0,0,0,148,135,179,139,151,129,162,166,196,0,0,97,0,0,0,64,0,241,197,161,211,192,130,186,0,0,0,0,0,0,0,0,0,198,183,207,206,150,202,0,0,0,0,144,0,0,0,0,0,0,240,176,169,260,284,0,0,0,0,928,0,0,0,0,0,132,0,193,153,200,234,0,385,0,0,0
159,126,112,99,93,90,89,86,87,84,87,89,93,96,102,113,103,118,106,97,92,87,87,85,86,86,86,83,88,95,98,105,85,112,104,92,93,88,86,86,82,86,83,86,89,95,100,104,92,110,98,95,90,87,85,81,86,88,86,84,85,92,95,104,94,116,104,92,90,88,88,88,83,81,89,89,91,92,97,105,91,111,104,98,95,87,91,91,88,85,91,89,90,95,102,108,99,113,106,102,95,87,94,91,88,93,91,95,97,101,105,113,93,119,112,100,98,94,93,94,90,92,95,95,93,97,105,112,107,120,115,106,101,96,98,91,94,95,94,95,97,102,109,115,114,128,119,107,104,100,98,93,91,97,98,92,101,101,112,114,106,128,123,112,104,103,102,95,93,98,96,99,102,108,112,122,114,141,127,120,111,106,106,103,101,99,99,106,106,112,117,127,113,131,130,126,116,113,109,104,107,108,107,110,112,120,126,134,127,140,139,130,123,125,114,112,115,109,108,113,117,125,132,143,142,153,141,142,128,129,122,123,115,121,119,124,131,136,142,148,135,156,149,144,145,140,134,131,129,126,129,130,136,145,149,158,0
268,206,179,167,156,150,147,146,143,142,149,144,148,158,166,188,150,212,187,160,151,147,139,135,133,133,132,139,147,154,164,179,159,192,173,158,146,140,137,129,134,129,135,139,138,144,159,176,162,184,163,150,142,136,131,129,129,127,131,134,141,141,155,178,140,173,166,149,140,138,138,130,127,126,130,135,140,146,159,169,154,176,160,147,142,135,131,129,130,130,131,134,139,151,160,169,143,177,165,150,146,139,134,135,131,132,135,137,146,152,160,170,145,170,161,154,145,139,140,137,130,137,138,141,145,151,159,170,154,164,167,160,154,145,140,137,133,135,137,139,145,153,159,173,154,157,172,161,155,145,145,143,138,137,141,146,152,153,164,178,166,156,175,165,154,149,149,143,145,144,143,145,153,161,164,180,155,162,183,169,163,157,155,151,149,148,151,153,159,166,170,184,174,144,176,180,171,161,159,157,155,154,157,161,165,174,177,199,183,163,189,179,177,167,163,160,163,160,163,168,174,179,193,205,181,190,192,189,185,175,172,170,174,171,174,176,182,192,194,224,202,0,200,196,196,184,184,184,181,183,186,185,191,194,202,218,0
449,449,361,278,219,193,174,162,162,158,158,154,149,158,164,171,218,482,384,273,212,186,168,159,158,153,150,147,145,148,153,162,253,504,320,230,200,175,161,158,150,149,145,143,142,146,150,161,180,0,258,243,181,172,161,156,148,146,141,138,140,145,151,153,191,542,271,198,187,163,162,151,152,140,141,139,140,143,146,155,184,0,254,201,172,172,160,155,150,143,139,140,141,146,154,160,169,0,0,173,173,166,161,154,153,151,143,143,151,154,156,162,156,0,0,167,177,173,163,156,152,149,146,146,147,156,158,169,130,0,0,159,171,169,164,157,150,152,149,151,151,156,165,174,161,0,121,167,169,175,166,159,154,155,154,149,154,158,164,175,148,0,0,160,175,179,172,163,160,160,156,154,159,165,168,178,175,0,0,129,179,181,177,167,165,165,162,159,164,169,175,180,109,0,0,154,179,193,185,183,173,170,170,168,168,171,181,189,116,0,0,0,173,200,186,187,177,180,173,179,178,179,187,193,171,0,0,261,185,206,200,189,189,187,186,182,187,191,200,205,55,0,0,0,194,193,210,205,200,195,195,196,199,203,209,219,0
494,447,387,336,271,224,198,182,179,179,173,170,174,173,180,184,387,520,438,380,299,252,213,192,184,178,170,164,163,167,171,178,458,538,546,440,339,255,209,188,179,169,164,164,166,161,171,174,294,0,528,400,317,234,209,186,178,167,162,157,160,162,163,173,0,0,0,0,293,222,197,186,176,169,162,156,160,160,162,175,176,0,0,0,205,221,198,182,170,164,159,155,157,158,160,162,31,0,0,0,0,172,182,180,169,163,158,164,154,158,171,172,0,0,0,0,165,147,171,172,176,161,162,163,169,169,170,182,0,0,0,0,0,136,160,181,184,179,183,180,177,178,189,187,0,0,0,0,0,0,116,164,196,187,182,189,186,181,199,191,0,0,0,0,0,0,0,105,172,171,183,184,192,180,196,198,0,0,0,0,0,1379,0,170,206,212,192,185,192,192,200,210,0,0,0,0,0,0,0,0,189,235,188,207,201,196,209,229,0,0,0,0,0,0,0,0,235,208,205,202,214,207,223,255,0,0,0,0,0,0,0,0,169,225,214,216,229,220,250,262,0,0,0,0,0,0,0,0,195,244,225,211,207,236,246,304,0
466,441,383,296,241,205,183,178,169,162,159,161,160,167,176,180,350,494,415,324,292,221,198,180,170,158,151,151,154,164,165,172,240,555,463,362,271,223,198,177,167,149,154,152,152,162,163,164,301,664,498,357,252,216,180,169,165,157,144,161,167,171,181,185,366,0,454,315,226,209,182,165,151,161,161,154,165,170,174,191,197,0,0,0,231,184,190,163,169,167,159,170,172,166,168,191,106,0,0,0,77,162,178,173,166,163,165,168,151,150,167,172,110,1829,0,0,0,146,179,178,167,158,167,166,133,123,158,177,80,0,0,0,166,193,192,186,177,168,164,159,146,138,164,166,0,0,0,0,177,207,204,185,176,172,169,165,157,162,173,153,157,0,0,172,198,199,195,188,179,176,172,173,180,179,171,163,112,0,0,0,192,203,199,189,177,171,174,185,191,174,168,159,200,0,0,0,194,218,199,185,188,185,183,189,181,178,166,167,161,0,1233,0,235,206,205,202,182,194,194,199,179,171,165,177,0,0,0,0,157,202,213,206,209,192,215,190,180,172,183,196,0,1302,0,0,0,261,218,208,184,217,195,188,192,177,190,208,1
473,424,374,303,238,225,209,197,184,189,182,177,188,188,192,189,343,484,381,322,289,261,237,228,228,216,204,192,204,206,207,201,290,517,393,332,298,263,270,261,244,232,205,197,193,184,186,198,319,546,399,318,275,263,265,258,259,220,188,183,174,172,173,173,338,0,339,301,272,240,256,248,235,215,189,168,170,166,170,179,264,350,250,272,244,252,237,238,235,205,192,178,167,172,173,189,215,0,273,239,239,235,233,238,226,202,192,182,177,177,172,197,225,0,258,243,222,228,228,224,214,197,184,177,175,178,190,192,220,0,242,231,235,225,220,223,215,187,187,174,178,180,193,186,205,0,196,238,229,213,216,227,212,199,183,178,180,187,191,185,233,0,237,228,235,224,215,231,214,202,192,192,191,193,204,197,247,0,214,238,235,228,225,241,226,208,207,209,196,203,203,196,232,0,190,229,243,229,234,227,219,208,213,212,201,201,221,229,253,0,0,202,223,254,234,223,221,216,218,215,208,212,213,238,115,0,0,212,226,225,236,217,223,219,213,209,210,220,221,230,181,0,0,0,225,247,235,229,222,222,211,219,208,225,231,253,1
383,223,182,161,155,147,145,152,152,163,165,171,167,183,208,212,175,219,180,161,143,144,142,146,145,146,146,153,169,192,207,218,143,225,180,155,148,140,145,143,141,139,142,142,158,171,192,227,154,204,175,161,153,150,144,144,136,133,133,140,147,160,174,201,178,224,171,167,154,143,146,145,137,140,135,139,141,154,164,176,156,179,175,173,153,148,147,153,148,144,143,139,143,145,162,172,143,0,139,153,155,148,144,142,153,153,143,146,140,153,157,162,133,0,134,131,156,138,142,145,149,156,148,143,148,151,159,170,51,0,0,80,127,155,154,142,144,149,157,155,160,159,155,167,86,0,0,0,91,166,148,142,146,149,160,174,176,163,173,177,0,0,0,0,160,155,171,156,153,157,167,176,182,184,187,178,0,0,0,0,171,178,170,166,155,165,170,178,182,189,194,200,142,0,0,0,148,171,179,176,169,173,173,182,191,195,197,195,0,0,0,0,0,184,200,186,185,178,173,182,187,197,208,209,164,0,0,0,187,185,194,205,184,187,190,190,205,204,211,211,177,0,0,0,127,201,221,203,211,205,213,211,206,209,225,242,1
498,405,365,274,226,183,163,152,143,143,131,123,128,131,137,147,184,426,357,245,190,169,153,145,133,129,118,117,119,122,135,141,201,406,309,214,173,154,144,130,129,122,117,116,117,124,142,140,235,437,248,197,169,143,134,134,133,134,132,125,114,122,142,136,168,448,255,199,159,157,144,152,148,142,136,134,134,136,139,139,170,0,151,201,171,161,166,161,157,154,153,132,137,137,137,134,179,0,0,230,194,181,153,153,146,146,145,136,141,143,139,137,168,0,0,225,181,170,151,157,145,129,123,134,148,142,137,135,153,0,0,178,155,154,153,146,150,132,132,143,142,137,134,144,154,0,0,172,160,149,142,149,148,158,143,148,143,135,137,143,152,0,141,174,160,149,141,140,148,164,152,152,149,141,143,153,159,0,54,156,168,157,149,151,154,155,157,149,149,152,148,150,164,0,0,172,171,162,155,155,150,154,169,158,151,150,147,156,180,0,0,192,172,163,160,153,150,155,158,173,166,162,156,158,183,0,0,147,177,188,171,161,153,157,166,173,178,163,158,169,119,0,0,0,156,192,187,170,162,169,166,172,186,181,183,181,1
201,135,129,130,126,124,121,124,124,124,122,129,129,139,131,137,118,132,127,121,116,117,118,119,120,117,115,122,126,132,130,135,122,135,124,125,120,118,118,115,121,120,112,119,126,125,131,136,121,128,126,119,119,115,115,112,115,119,120,118,120,123,128,130,120,125,121,115,121,116,114,119,115,115,119,119,122,128,132,131,119,117,121,122,122,120,124,125,120,124,127,129,132,130,135,138,124,119,121,125,125,136,121,112,113,122,124,124,123,121,129,136,131,123,128,125,129,118,103,104,106,116,119,117,122,126,130,133,122,125,123,120,134,125,118,113,115,115,117,118,120,126,130,135,130,127,138,125,138,132,129,121,116,119,123,123,126,127,132,141,132,126,121,137,142,136,128,123,124,123,124,125,129,134,139,145,137,138,128,137,139,135,126,127,126,130,131,136,136,139,144,147,144,153,132,143,142,139,132,127,129,135,137,142,142,145,151,159,146,169,131,148,149,140,135,143,144,142,146,151,149,152,154,162,155,155,153,149,157,151,146,146,152,150,152,155,157,161,169,172,165,177,138,160,164,156,160,158,155,159,160,169,166,168,175,175,1
507,447,418,290,251,210,185,167,163,135,126,124,130,144,154,174,293,477,429,394,314,250,209,165,158,132,114,119,125,132,148,158,392,572,447,359,306,239,190,162,139,116,116,107,119,129,142,152,239,0,495,325,259,221,174,169,144,118,106,110,122,129,143,146,297,0,444,330,256,197,187,159,133,131,103,113,121,126,135,150,0,0,0,279,191,217,177,153,127,129,114,112,124,128,139,164,159,0,0,0,183,191,152,153,127,126,117,114,119,133,150,162,0,0,0,0,178,153,130,138,134,115,118,111,127,146,149,155,0,1861,0,0,0,121,131,137,127,123,108,119,141,147,154,165,0,0,0,0,0,126,157,142,123,127,119,121,143,149,155,156,0,0,0,0,0,153,128,142,128,131,127,136,146,151,156,161,268,0,0,0,0,174,146,153,139,128,131,140,155,155,160,173,243,0,0,0,216,180,215,186,160,149,130,148,156,157,165,182,0,0,0,0,246,218,209,193,185,158,152,155,170,170,178,187,187,0,0,0,270,216,228,202,200,156,168,162,179,171,181,197,0,115,0,0,257,249,246,202,203,185,184,174,188,177,192,197,1
499,411,384,300,240,200,182,178,172,169,163,154,147,143,138,135,419,491,412,312,239,221,188,183,172,162,161,152,137,136,132,133,254,449,363,261,216,199,186,179,158,153,150,144,141,135,137,129,267,511,316,241,211,192,176,165,161,153,151,135,135,134,132,133,199,0,259,244,185,190,173,164,150,145,148,140,136,129,128,123,174,341,208,200,190,189,178,175,164,160,158,147,142,128,126,116,203,0,234,204,189,174,176,166,157,161,153,148,140,134,128,123,180,0,188,191,197,183,177,164,156,155,153,143,140,145,136,134,191,0,154,202,193,188,172,167,156,153,147,143,139,138,147,141,194,0,172,212,198,182,172,171,164,158,146,143,141,142,144,148,194,105,211,202,189,186,179,171,165,161,156,147,138,143,141,150,151,0,220,207,196,199,187,178,174,165,156,150,145,142,143,148,197,0,212,195,203,202,192,190,176,167,163,158,151,151,143,156,217,0,0,218,213,207,197,191,187,182,173,166,163,153,161,167,215,0,176,232,224,214,210,198,191,187,171,170,158,162,159,171,187,0,0,182,219,211,217,200,196,190,179,175,167,165,167,175,1
480,409,389,307,251,209,184,189,176,176,176,185,189,190,194,200,304,518,444,377,289,240,208,192,185,177,183,181,195,195,200,219,0,578,539,460,358,245,196,181,184,176,171,176,184,184,202,204,291,0,0,423,298,242,190,175,166,171,174,174,181,179,186,196,0,0,0,287,239,198,182,179,167,167,176,168,171,181,193,192,257,0,0,210,210,167,172,173,169,173,172,179,184,188,194,202,90,0,0,0,145,173,164,162,165,172,184,184,184,185,197,200,0,0,0,0,148,163,151,143,158,168,188,188,177,184,197,196,116,0,0,0,85,153,163,152,166,173,185,177,178,185,194,201,0,0,0,0,124,155,180,158,180,183,173,178,184,189,199,201,69,0,0,0,0,163,178,177,177,185,183,179,183,192,203,214,0,0,0,0,105,160,177,189,179,188,184,186,192,201,208,215,0,2155,0,0,0,165,175,190,201,186,192,192,201,207,224,224,0,0,1706,0,0,182,196,198,190,194,201,201,210,211,221,229,0,0,0,0,0,126,189,194,197,202,207,207,208,220,221,233,139,0,0,0,0,0,214,208,216,218,209,216,225,218,237,254,1
287,176,133,117,105,98,91,88,91,93,95,96,105,118,137,175,92,143,117,109,98,96,93,88,89,86,90,93,100,106,120,159,100,137,114,104,99,95,92,88,86,86,89,91,96,105,114,143,111,128,115,106,96,93,87,87,89,88,90,90,97,102,116,137,96,126,112,105,96,89,90,91,87,85,90,90,95,100,110,134,102,128,116,104,98,94,89,92,87,87,90,96,98,101,112,126,92,125,115,105,101,91,93,90,89,88,90,93,100,103,110,126,102,123,121,111,104,99,97,92,89,88,91,96,99,106,117,129,120,123,122,112,103,100,99,95,89,93,95,96,103,105,114,135,106,134,131,121,110,103,99,99,98,91,98,103,103,111,123,132,122,119,131,122,113,103,106,102,100,97,100,104,109,112,127,138,129,114,131,131,122,116,108,110,105,101,106,108,112,119,125,146,130,124,133,131,128,121,114,113,107,111,107,112,121,122,136,147,133,148,127,143,134,127,118,124,115,116,116,117,125,130,139,156,135,51,129,140,138,134,124,122,122,124,127,125,130,134,150,162,136,0,138,159,153,140,138,132,130,131,131,133,136,144,161,167,0
297,220,201,182,186,176,178,174,175,178,183,186,181,197,191,193,163,189,170,161,166,164,163,163,166,171,193,199,195,211,211,238,162,175,169,165,161,164,158,160,163,173,177,171,182,190,232,216,171,187,176,167,166,167,169,173,162,164,185,190,173,179,193,203,181,174,180,187,174,172,169,171,177,157,180,160,170,168,184,212,169,174,178,181,174,162,163,163,162,149,165,174,154,180,173,192,160,191,164,161,160,162,153,150,169,166,162,165,167,169,188,177,152,174,178,168,163,152,156,163,154,157,150,184,178,166,178,236,174,153,152,173,166,145,162,156,154,161,158,177,202,179,201,200,147,210,184,186,168,153,167,159,161,163,169,170,187,177,205,201,147,201,195,174,175,173,170,160,164,172,172,182,164,176,203,161,164,237,151,182,186,177,174,170,173,184,187,179,204,185,157,181,170,283,213,202,175,183,166,163,196,174,177,182,204,184,214,270,197,196,195,191,202,196,184,189,177,193,190,208,203,175,0,0,199,118,0,217,186,255,195,205,212,194,181,184,199,237,0,0,127,0,37,0,243,242,211,138,218,203,227,0,284,0,0,187,1
436,310,268,221,198,201,184,192,187,187,189,185,193,199,197,204,316,399,321,272,235,232,220,222,215,213,203,215,203,220,231,247,263,448,346,296,260,234,227,225,220,227,235,233,208,230,269,262,325,470,313,265,240,236,222,228,221,243,230,212,188,228,229,238,243,0,326,243,249,240,231,215,237,230,190,181,213,205,191,183,247,600,0,293,262,244,233,231,247,214,163,197,205,189,202,207,256,0,0,294,297,289,247,190,227,209,206,172,166,163,188,212,197,0,0,0,0,0,258,245,217,192,189,203,195,186,190,175,0,0,0,265,0,0,211,253,209,202,184,175,180,193,163,178,208,0,0,222,0,0,0,187,196,200,208,215,182,188,175,173,0,0,0,0,0,235,0,185,183,208,201,209,190,211,203,224,0,0,0,0,0,0,0,206,206,208,195,200,186,185,207,167,0,0,0,0,0,0,281,0,268,212,189,218,208,171,175,259,0,0,0,0,0,0,0,251,303,256,210,224,208,182,219,337,0,0,0,0,0,0,0,0,283,222,272,179,208,244,225,0,0,0,0,0,0,0,0,0,220,0,307,243,209,238,0,0,1
229,219,213,201,191,189,188,191,194,197,197,192,195,208,206,208,196,207,201,195,192,187,190,190,192,190,197,198,206,209,208,224,188,197,195,190,183,187,187,194,188,187,188,195,203,208,210,216,194,193,194,187,187,183,186,185,186,182,181,188,197,199,201,207,187,193,184,181,179,182,180,184,189,183,185,187,191,201,203,209,182,192,186,184,179,175,177,180,183,184,183,185,187,197,205,205,188,189,191,182,176,179,176,181,183,179,186,194,192,195,201,206,180,188,192,181,180,178,184,179,177,180,186,188,193,198,200,203,186,202,185,190,184,177,183,180,178,185,187,188,196,194,196,211,193,202,192,197,191,179,185,181,190,190,182,194,191,204,197,203,188,197,194,190,190,184,183,185,188,188,192,192,196,205,205,208,198,208,197,202,201,195,192,191,192,199,196,204,204,206,213,213,205,207,208,204,200,201,202,198,196,201,205,212,217,216,218,226,206,209,215,204,209,202,205,205,204,212,216,210,220,228,216,230,223,228,222,221,217,218,217,220,216,217,226,226,226,232,228,238,225,238,228,230,228,224,224,234,229,224,237,244,237,244,241,254,1
401,331,267,229,207,194,191,179,168,163,156,151,152,150,162,172,204,310,249,205,184,178,171,161,151,149,140,136,130,133,134,148,204,290,223,190,175,163,156,154,147,141,135,131,128,132,139,140,160,237,200,172,162,151,146,143,137,132,132,127,127,133,135,137,160,201,184,165,154,148,141,136,131,129,134,131,130,133,134,143,142,193,177,160,148,145,141,135,136,132,135,136,135,138,141,145,154,196,181,155,146,139,142,140,139,137,140,144,137,139,143,145,162,197,173,154,155,143,143,139,140,140,140,143,142,139,148,148,152,207,183,168,151,146,141,144,143,143,142,142,142,145,145,153,166,220,193,165,160,151,147,143,147,142,139,143,145,142,146,150,158,220,199,174,167,156,158,153,155,154,153,151,147,147,152,150,176,218,202,181,174,167,166,160,157,163,158,157,160,154,155,162,190,218,201,195,187,177,171,171,170,173,163,167,163,166,163,168,186,210,208,194,188,179,179,182,175,171,167,170,170,174,174,176,198,219,204,196,193,194,182,190,177,182,180,174,174,179,180,185,211,201,203,208,204,200,191,191,190,183,186,182,182,184,192,198,1
408,405,389,361,330,335,303,294,274,278,276,255,256,269,264,286,342,390,367,338,344,320,354,335,303,303,295,296,286,282,289,283,346,372,348,335,337,356,356,341,348,333,328,315,305,290,284,294,340,364,335,335,341,365,395,373,387,333,332,345,296,292,316,298,330,325,325,306,301,339,450,436,400,361,414,415,349,365,314,300,304,321,304,307,313,287,337,423,0,980,0,0,404,334,280,259,276,359,270,262,259,293,290,253,494,576,526,0,351,282,259,258,242,301,271,257,279,264,250,261,300,318,304,282,284,264,261,250,242,0,204,256,269,249,241,261,265,260,261,255,275,269,248,244,271,0,0,244,248,248,280,278,251,249,266,253,251,261,274,279,222,0,76,0,251,283,265,262,244,230,255,243,252,280,265,282,0,0,0,0,205,260,259,243,247,253,244,233,268,272,280,303,0,0,0,0,0,0,0,0,0,235,268,235,265,270,267,327,0,0,0,2192,0,0,0,0,0,0,218,274,270,276,288,301,0,0,0,0,0,0,0,0,0,0,229,257,259,255,269,314,0,0,0,0,0,0,0,0,0,0,0,224,227,251,298,259,1
144,125,111,109,99,97,95,92,88,89,89,84,89,88,92,92,95,112,109,95,96,95,93,88,86,89,85,89,90,88,85,84,102,114,106,98,97,89,93,88,89,88,85,86,85,89,84,88,99,112,106,101,95,93,92,89,92,86,87,85,88,90,88,91,98,114,109,106,98,94,93,92,93,92,87,90,88,86,85,90,97,117,111,106,102,103,99,100,91,91,91,93,91,91,94,97,111,122,118,115,110,108,100,103,98,94,93,93,97,96,95,96,117,130,124,117,115,110,111,104,102,101,99,102,98,100,102,102,118,138,128,126,124,117,115,115,108,106,106,102,101,103,106,104,128,143,134,133,131,125,123,120,117,115,110,111,113,110,110,110,133,152,144,139,137,131,132,128,125,123,122,119,120,120,122,121,146,160,160,155,146,144,141,138,132,134,131,132,126,126,131,129,175,184,171,170,169,163,154,155,150,145,145,139,142,139,138,139,184,205,198,206,192,181,175,170,164,164,161,154,151,151,152,150,200,247,265,243,224,221,200,186,179,186,178,168,163,167,162,158,263,252,277,241,247,229,226,210,215,199,194,190,191,188,185,193,1
417,299,244,213,195,200,196,191,189,188,192,195,191,190,195,203,199,305,244,216,200,193,190,190,187,192,196,196,201,195,198,208,236,343,254,231,217,211,202,203,202,207,203,206,208,214,212,219,220,357,303,251,240,225,221,213,219,217,207,223,215,222,232,233,254,393,323,258,240,229,218,226,223,212,213,208,217,222,239,234,239,287,268,267,244,243,228,215,205,211,211,215,218,224,231,265,231,264,277,256,245,227,212,217,222,211,227,220,235,235,243,259,228,305,261,252,242,231,228,231,228,238,224,239,235,250,268,289,244,298,250,240,238,230,238,233,228,234,238,242,255,256,267,292,242,312,236,235,249,238,240,231,243,229,250,248,256,267,296,323,257,267,281,246,235,242,242,237,229,236,240,238,260,276,272,314,254,283,269,243,253,244,244,242,237,225,237,238,266,269,293,315,272,0,272,264,250,245,254,229,245,234,242,250,260,272,271,349,258,246,277,286,252,253,253,250,241,234,243,258,280,286,318,368,269,0,318,263,274,278,253,245,251,245,257,282,289,300,344,364,282,0,287,306,292,263,265,260,262,261,275,311,326,327,351,373,1
137,126,124,120,119,121,119,123,126,129,128,128,132,132,134,133,122,144,133,126,116,115,120,131,139,143,149,146,137,132,130,139,124,139,131,117,109,109,112,119,127,132,129,129,124,119,125,130,109,129,116,108,102,102,102,99,103,100,102,105,102,107,111,114,92,110,103,98,91,92,88,88,88,82,83,86,88,90,95,101,85,102,97,88,87,86,81,79,79,76,82,78,84,79,89,88,85,95,87,82,82,78,78,75,74,76,77,81,78,79,86,85,83,91,90,86,80,80,77,75,75,75,74,74,78,79,84,85,79,91,90,84,82,73,77,76,75,70,77,78,81,78,85,83,82,93,91,85,84,77,79,78,74,71,75,82,80,83,87,86,81,101,93,90,81,83,78,77,70,79,79,85,79,86,93,91,93,109,97,96,88,90,83,86,80,78,86,88,88,90,91,95,102,114,105,98,95,88,89,88,88,86,89,91,93,92,96,101,102,117,110,106,100,99,94,90,92,93,94,99,96,103,109,115,117,122,118,115,112,109,105,104,104,105,105,106,111,115,120,124,112,132,127,124,113,118,110,109,111,116,118,120,124,129,133,141,1
140,128,129,133,126,129,127,130,130,131,131,130,134,136,134,140,143,146,150,141,142,138,133,144,146,152,152,146,139,138,147,157,152,167,156,144,141,133,143,149,156,154,158,140,138,136,141,159,134,168,163,140,134,128,132,136,135,135,138,130,123,128,137,159,131,169,145,135,124,120,122,119,116,115,114,111,121,121,133,132,112,136,127,122,117,112,105,102,98,96,97,103,104,109,116,118,110,124,120,111,108,98,97,92,89,90,93,89,100,100,103,113,102,124,116,105,101,98,92,92,93,85,87,91,95,100,102,110,100,129,113,108,101,100,91,90,90,84,88,90,93,92,103,110,105,125,115,105,102,98,90,92,85,86,90,90,94,93,100,107,102,128,119,112,108,102,93,90,87,74,90,92,93,94,105,112,109,127,118,114,110,104,98,91,86,90,89,91,96,96,108,118,120,136,129,124,119,112,104,97,91,88,93,93,101,110,111,127,129,153,146,138,131,127,116,111,106,105,104,106,111,123,129,145,147,164,153,149,150,142,135,134,128,127,125,126,136,143,149,156,153,169,168,167,152,148,147,147,147,147,146,148,146,146,155,165,1
135,133,129,127,123,122,127,121,126,129,123,127,129,132,138,138,146,150,146,145,144,154,148,155,152,155,157,157,158,164,167,163,168,167,165,169,171,169,168,173,167,172,180,177,184,184,184,184,184,204,197,181,185,192,185,175,177,174,185,191,186,182,188,193,187,216,202,205,202,198,177,174,173,171,174,171,176,170,177,190,198,0,252,197,186,182,170,162,153,149,151,150,157,156,156,171,144,0,200,165,176,160,156,148,141,146,146,139,148,149,154,157,158,0,143,161,160,156,149,146,143,140,142,143,139,148,149,156,149,0,141,157,153,152,149,142,138,140,135,137,145,145,152,156,153,0,160,171,161,150,148,144,139,137,139,139,143,146,149,153,158,0,142,169,165,159,146,148,141,142,136,144,149,153,149,161,135,0,161,187,166,156,153,150,143,148,145,143,148,155,157,165,169,0,170,142,167,168,154,152,152,154,155,152,156,158,163,167,118,0,0,192,167,178,167,165,161,157,163,165,165,171,170,192,153,0,0,0,178,169,191,180,172,175,178,177,176,176,195,149,0,0,0,0,136,179,215,179,190,200,201,210,200,235,162,0,1
374,369,378,378,365,367,362,341,344,334,338,337,325,334,333,335,348,356,362,354,354,341,334,325,309,303,310,312,303,308,311,314,346,362,360,354,332,325,307,304,291,287,291,293,287,297,300,306,317,360,348,343,330,311,298,296,284,283,283,280,279,283,288,292,321,368,351,339,324,307,295,280,282,285,280,277,281,278,280,283,337,353,358,332,319,303,290,288,277,278,267,270,270,272,275,281,307,388,340,325,323,300,300,283,282,272,276,273,277,274,283,279,322,361,340,323,318,309,301,293,278,279,279,271,279,271,271,291,307,384,353,328,315,309,303,294,289,289,286,278,278,280,283,296,324,356,347,323,326,319,300,297,289,290,288,285,288,296,288,291,331,348,354,331,331,316,324,306,303,298,292,289,301,293,302,310,355,412,380,348,339,332,329,331,316,317,303,310,305,306,324,318,342,0,364,377,352,336,343,349,337,335,322,323,324,325,336,333,375,0,0,356,367,371,349,360,362,342,353,343,343,350,338,351,377,0,0,330,385,398,373,370,373,379,369,371,375,366,358,355,290,0,0,0,0,348,377,395,377,377,392,383,395,382,397,387,1
549,500,470,482,464,462,458,469,437,414,411,408,398,364,359,329,554,570,569,565,555,555,537,503,479,449,425,400,365,362,348,345,578,660,611,627,598,572,564,501,507,440,403,382,365,359,345,350,560,654,623,598,607,542,530,488,461,427,406,376,369,359,349,350,590,702,645,624,586,557,509,475,433,405,390,373,365,363,354,346,594,620,606,616,560,557,481,455,437,415,383,379,367,353,351,348,505,0,630,593,543,528,483,455,419,412,375,376,370,354,352,352,544,0,676,566,506,472,484,453,416,401,380,369,353,354,351,366,430,0,614,0,434,460,456,453,422,419,384,374,368,362,353,365,469,0,0,0,479,465,453,461,440,418,391,382,375,367,369,368,0,0,1335,0,328,474,457,461,433,443,429,401,386,373,382,388,0,0,0,0,0,523,503,448,466,452,430,416,413,399,399,392,0,2114,0,0,0,0,417,538,454,472,449,438,422,428,405,393,0,0,0,0,0,0,599,498,499,482,472,467,460,428,426,423,0,2016,0,0,0,0,0,525,473,548,462,465,434,455,400,409,0,0,0,0,0,0,0,0,0,0,0,0,0,0,0,0,1
99,86,77,74,75,70,68,68,67,70,74,69,74,78,83,92,73,82,77,72,69,66,67,68,64,69,70,72,77,75,81,91,71,79,78,72,69,71,69,68,71,65,73,75,77,77,84,89,74,81,74,71,70,72,66,68,69,73,68,72,71,75,86,86,76,80,73,70,72,73,69,71,70,69,72,77,75,80,86,94,77,85,80,80,78,74,72,76,70,71,79,75,79,81,84,92,85,89,84,84,81,77,81,79,76,78,75,71,75,78,80,88,82,91,86,84,84,78,77,80,73,76,75,72,73,76,78,79,80,91,85,87,83,75,75,76,73,75,72,77,77,78,80,85,89,98,90,84,82,83,78,81,77,79,76,73,77,80,88,88,89,102,90,90,83,81,81,80,79,80,82,82,84,87,86,95,93,107,99,91,88,87,85,86,83,86,88,88,89,92,90,99,97,113,107,96,96,95,89,88,90,92,87,91,91,95,99,106,106,121,112,104,102,104,97,94,91,94,91,96,101,97,104,117,117,129,123,113,110,109,105,106,100,101,99,102,108,108,113,123,121,141,131,123,121,116,111,114,116,108,112,112,117,124,122,132,0
230,170,148,131,118,115,107,108,104,105,106,112,112,118,133,148,112,152,137,125,117,110,106,106,105,104,104,106,112,117,127,141,120,150,140,120,108,107,106,102,100,103,103,105,110,116,120,133,120,143,134,122,112,108,106,102,99,99,104,101,110,113,121,133,109,146,130,117,112,105,103,104,103,99,103,107,109,114,122,132,118,147,130,120,115,105,104,105,104,104,103,112,109,117,121,131,130,145,132,125,120,109,107,109,105,105,104,107,111,114,121,133,117,142,130,123,117,116,109,110,105,108,108,108,110,116,119,135,128,145,137,129,120,116,115,110,108,108,108,109,109,118,128,139,123,142,140,131,124,118,118,116,112,110,108,110,114,117,134,140,127,154,145,133,128,120,118,117,113,117,116,117,121,121,134,145,144,150,143,137,131,131,125,121,121,115,120,120,122,131,140,146,144,168,154,146,145,134,127,128,124,121,127,131,129,138,146,150,158,172,157,151,146,146,137,136,136,133,133,140,136,141,153,162,153,180,169,164,155,150,144,145,142,142,138,144,146,147,159,166,164,160,174,167,161,160,153,154,152,147,149,150,152,153,170,186,0
233,170,145,133,119,117,111,106,105,105,107,109,116,119,135,150,125,157,134,123,111,108,106,104,102,104,103,107,113,116,126,135,112,150,130,125,113,105,105,100,96,100,105,105,104,112,123,134,117,148,132,120,114,110,101,103,104,101,101,102,108,113,121,132,126,141,129,123,113,103,105,102,98,101,101,108,107,115,120,132,116,139,133,124,113,111,104,104,100,105,105,104,111,111,125,131,124,146,137,124,115,114,110,105,107,102,101,109,112,112,123,133,123,144,134,130,119,118,115,107,111,105,102,107,111,116,124,135,126,150,136,128,118,116,117,109,106,109,105,110,112,119,125,135,133,149,136,129,122,118,114,114,111,109,111,112,114,122,130,140,129,154,137,132,129,124,119,117,117,113,114,114,118,128,130,144,139,162,147,137,132,129,125,122,120,121,120,118,127,128,137,158,136,171,149,148,137,137,132,128,125,124,129,128,129,138,142,155,147,170,169,153,149,143,138,133,138,129,133,133,142,149,152,168,159,169,172,163,154,151,148,143,138,139,146,147,145,149,166,170,159,166,189,159,157,156,146,151,153,147,147,149,153,163,166,175,0
373,263,222,213,201,200,195,197,188,193,195,197,206,205,215,210,223,341,274,241,223,215,204,198,194,199,194,198,210,228,237,247,260,379,290,255,222,209,200,189,193,190,194,200,215,228,251,277,209,322,277,246,223,205,202,192,189,191,191,198,202,212,253,310,226,288,271,221,209,206,196,189,191,188,190,196,200,206,245,293,224,313,266,226,212,199,197,189,189,189,192,192,197,216,231,276,211,253,235,208,213,197,199,193,189,186,189,191,203,212,229,270,212,242,241,225,212,201,199,195,192,190,192,197,197,205,232,276,208,317,223,218,206,202,195,197,196,193,195,197,201,209,235,311,207,0,231,218,216,203,198,204,194,195,200,203,195,214,234,262,223,0,191,225,214,216,208,202,199,201,199,201,204,215,246,225,218,0,219,233,222,219,208,211,206,207,202,204,210,221,243,280,221,1196,149,239,224,219,218,209,210,209,210,211,214,220,231,219,223,0,308,208,241,230,224,211,215,208,211,217,223,231,242,0,206,0,0,143,249,232,225,225,221,219,219,221,227,240,237,45,0,0,0,0,231,266,245,225,234,219,220,231,240,224,0,0,0
374,275,222,213,206,197,196,193,195,196,199,198,200,209,208,212,220,329,278,242,222,210,200,197,192,193,197,197,210,223,243,260,232,367,287,243,224,211,200,196,194,192,198,201,200,227,248,286,257,343,269,249,219,208,200,193,190,188,189,199,202,217,256,307,214,305,259,235,220,202,197,192,190,189,187,192,199,218,237,310,227,0,241,222,211,201,197,189,188,191,189,194,192,207,244,259,206,234,226,222,210,203,201,189,189,183,186,194,200,206,210,273,201,220,218,211,205,201,197,189,192,190,194,190,195,214,240,283,226,0,233,225,208,205,197,199,193,192,194,199,199,217,242,274,217,0,195,225,211,205,204,196,195,196,195,196,197,214,234,260,217,0,225,230,224,216,208,200,198,197,198,203,209,223,235,269,219,0,202,218,217,216,218,204,208,204,203,206,214,222,238,257,248,0,216,246,247,224,214,219,214,213,214,218,225,233,246,205,239,0,215,222,239,232,232,226,225,219,222,224,231,239,241,226,246,0,0,240,265,246,237,235,236,231,234,228,234,243,261,251,286,0,232,237,256,257,253,242,244,246,245,241,246,269,288,0,0
359,252,217,199,180,181,170,163,165,164,165,174,180,192,196,213,203,283,224,199,184,173,165,163,160,161,161,163,173,186,202,232,173,246,220,199,176,174,161,156,158,153,156,160,169,180,202,240,183,231,201,183,172,166,157,156,154,155,158,160,169,180,196,245,194,236,203,184,171,166,157,154,154,153,158,160,164,176,192,225,170,215,191,184,172,161,161,153,153,153,159,165,163,171,187,214,180,206,199,178,174,164,158,156,154,157,153,162,162,171,185,198,168,221,195,182,172,169,162,160,159,156,160,163,169,178,191,212,175,202,190,187,175,167,165,164,158,157,161,163,166,174,182,189,195,177,184,192,176,168,167,163,160,160,161,166,170,176,196,215,180,168,193,183,181,177,172,167,162,166,166,171,174,182,196,198,188,194,208,204,190,178,175,174,174,169,171,171,180,189,193,208,186,222,235,204,192,193,186,182,182,177,181,184,184,192,198,218,203,187,209,212,201,192,192,191,187,188,186,185,193,201,211,212,216,0,240,223,212,205,199,201,201,192,195,199,205,209,227,214,218,0,254,203,218,219,205,207,209,214,212,208,214,234,226,305,0
210,131,106,97,85,82,82,79,79,78,79,82,83,92,105,129,84,118,101,89,83,78,77,77,76,77,78,77,81,88,101,115,89,114,99,91,83,78,76,75,75,74,74,79,79,85,97,114,81,108,101,88,82,76,77,75,72,72,75,78,79,85,92,108,87,106,98,88,80,79,79,79,75,77,76,78,84,87,92,106,95,110,99,96,85,80,79,76,72,78,77,81,81,86,96,105,86,112,99,91,86,81,78,79,80,75,77,84,80,87,96,106,93,117,107,94,88,84,83,78,77,79,80,83,83,88,99,109,91,113,111,97,93,88,84,83,82,81,85,81,91,90,97,114,106,114,111,105,100,89,87,82,83,83,81,87,89,95,106,116,109,121,124,106,99,97,88,88,89,85,86,87,95,102,110,122,104,121,111,110,102,99,95,92,90,90,90,94,98,107,113,124,124,125,127,123,110,104,100,98,99,97,98,101,105,115,123,136,120,102,138,128,117,111,107,104,101,102,105,107,109,115,125,146,132,88,139,134,129,120,112,115,112,108,111,113,116,124,135,155,142,85,135,145,131,127,125,118,121,116,122,124,126,136,147,160,0
380,277,238,203,198,196,197,196,197,193,197,200,207,201,202,207,258,323,297,247,219,211,201,196,196,195,196,204,222,222,226,239,223,379,335,253,226,208,203,196,191,191,190,206,222,253,263,300,247,500,332,252,228,204,191,183,194,193,190,193,212,259,294,415,239,505,274,246,211,207,193,191,185,186,186,194,214,236,315,422,207,0,0,214,214,194,189,187,185,184,182,193,213,234,289,0,188,0,0,205,211,196,189,187,183,186,181,193,211,235,339,455,191,0,156,204,201,192,193,186,181,180,187,196,203,222,278,639,186,0,129,175,199,200,190,191,188,187,184,200,200,217,285,0,104,0,157,202,209,208,197,194,198,191,194,196,210,228,259,0,195,0,0,199,211,198,202,197,194,196,194,201,206,220,242,1507,199,0,0,203,195,209,208,198,198,196,200,205,211,226,255,0,204,0,0,188,211,197,214,209,200,203,206,208,210,243,0,0,159,0,0,0,208,212,222,215,219,218,209,216,224,249,256,855,0,0,0,0,181,217,233,218,219,227,223,225,236,211,0,0,216,0,0,0,215,186,226,246,218,218,236,242,245,279,0,0,0
371,257,223,199,182,173,171,165,158,162,167,167,182,197,200,211,189,315,267,216,187,175,166,155,158,151,159,163,178,199,215,242,215,364,273,224,184,166,161,153,151,152,154,159,173,187,224,277,221,315,277,190,179,164,153,153,149,147,150,157,162,185,235,301,171,308,217,193,166,162,155,149,144,154,150,154,161,180,200,306,166,0,184,183,175,158,150,154,147,148,147,153,157,171,198,254,158,202,168,167,165,163,155,148,151,150,151,151,155,170,203,263,164,0,159,175,164,160,153,152,149,148,149,154,160,177,194,225,194,0,185,156,173,161,159,155,151,149,149,156,164,168,195,253,167,0,113,181,170,165,160,154,157,152,154,158,163,175,193,216,136,0,69,150,182,166,163,165,155,160,159,162,170,177,193,183,172,0,213,165,182,169,171,165,165,163,166,166,169,185,197,204,199,2074,0,181,180,186,180,169,173,168,173,171,174,194,207,155,165,0,0,147,200,190,186,179,172,176,180,176,177,198,208,0,204,0,0,122,163,195,192,184,176,182,185,184,199,198,196,0,191,0,0,0,163,219,206,207,201,199,193,202,208,234,223,0,0
373,266,211,174,154,141,125,119,111,109,109,113,117,120,136,163,167,322,224,176,149,136,115,110,111,106,105,106,112,118,126,149,199,337,205,169,144,123,118,114,103,107,104,109,110,113,126,141,139,255,200,148,136,125,110,110,109,104,108,106,106,108,120,134,151,222,165,144,137,123,113,111,111,106,106,105,106,107,121,126,120,0,141,139,126,124,114,110,107,104,104,106,107,113,123,129,134,188,150,136,131,118,112,115,112,108,102,104,112,114,121,134,121,0,104,130,123,123,117,112,110,105,106,108,109,115,119,131,128,0,112,149,139,128,122,122,113,109,106,110,115,116,125,136,139,119,126,131,138,134,125,118,112,116,112,114,119,121,130,141,139,0,143,138,143,141,129,123,116,119,120,115,119,123,135,138,134,0,145,162,144,141,133,127,129,123,123,122,125,131,143,150,143,0,0,137,155,144,136,132,128,133,125,127,134,135,145,160,146,0,0,117,145,155,145,134,133,137,135,135,137,138,149,162,157,0,107,124,168,157,151,143,144,141,137,141,143,151,160,179,161,0,0,104,153,165,156,152,150,150,150,148,146,158,170,176,0
456,325,259,223,210,203,204,210,202,211,213,209,213,213,211,211,235,395,314,259,242,230,223,216,221,217,217,224,234,243,239,243,279,454,322,274,246,232,224,216,217,219,224,229,239,252,277,287,316,485,326,244,238,224,220,213,216,216,215,228,242,254,286,307,243,366,280,242,230,227,214,217,211,210,213,220,241,251,267,363,224,334,286,226,230,218,208,211,206,211,214,222,228,245,303,446,218,0,253,225,221,212,210,213,204,213,212,214,218,239,266,332,221,0,182,226,224,224,214,215,209,209,205,217,221,233,256,292,206,0,249,204,225,219,222,215,213,211,210,214,225,231,257,313,217,0,243,247,233,229,215,212,213,214,211,216,217,235,256,285,193,0,0,224,229,228,217,214,216,213,215,221,217,240,261,268,233,0,0,238,237,243,222,225,222,221,221,223,233,247,258,291,245,0,0,238,239,239,232,234,228,228,227,235,239,251,256,255,129,0,0,211,246,252,248,240,239,237,243,244,248,265,269,282,246,0,0,0,222,250,260,254,249,254,258,250,259,264,282,292,0,0,0,183,228,283,265,267,262,259,262,258,276,288,287,0,0
437,281,209,183,175,169,162,166,163,170,171,172,180,192,207,205,187,280,206,174,162,156,157,158,160,165,161,170,179,188,214,231,210,267,181,163,159,159,152,154,154,158,156,163,172,182,207,230,157,210,172,162,154,149,152,151,150,149,155,158,167,170,201,236,175,201,171,158,152,149,148,147,150,151,154,158,162,172,192,217,147,194,167,153,151,149,149,146,146,148,153,155,163,168,180,194,163,141,160,158,157,151,152,148,148,148,152,152,159,166,186,191,172,173,171,166,160,152,153,153,148,149,151,152,158,164,176,188,167,161,179,168,163,160,157,153,150,148,152,153,157,166,180,201,178,184,184,176,169,162,160,157,156,151,152,156,161,163,176,200,168,169,204,179,177,171,162,158,159,155,158,161,161,169,185,196,181,237,190,182,180,169,169,163,162,163,160,164,168,175,191,210,194,131,197,185,184,177,175,169,167,170,170,171,172,177,196,210,181,109,190,196,189,184,179,177,175,177,170,179,177,190,198,212,199,0,180,197,208,193,189,186,188,182,180,191,191,194,211,214,213,0,0,210,219,211,205,198,194,200,199,199,207,209,215,220,0
203,171,169,159,157,161,162,164,164,166,176,189,197,202,206,218,147,167,156,152,151,150,154,155,157,164,177,191,206,229,239,250,150,155,152,147,150,147,148,146,153,160,170,182,204,235,262,286,144,156,149,148,143,144,146,148,150,157,169,180,198,240,292,355,145,157,147,147,147,142,143,140,149,152,158,169,185,226,296,395,142,150,149,144,146,142,141,148,146,150,156,166,177,201,303,430,145,157,153,150,146,143,141,142,146,147,155,162,169,197,225,0,146,159,152,153,148,142,140,140,146,147,154,157,174,178,246,0,146,164,156,150,148,146,142,143,145,148,153,158,168,197,222,0,154,167,159,153,151,149,150,145,146,154,153,162,170,193,232,0,161,177,164,159,159,153,148,147,150,150,157,164,171,196,219,0,159,177,174,162,157,158,154,156,156,158,158,167,177,187,186,189,171,194,175,168,163,166,160,160,160,166,166,173,177,199,189,0,171,192,185,177,172,167,170,164,167,170,174,176,187,200,228,0,180,194,190,185,182,180,176,175,173,179,177,185,201,216,228,0,195,221,203,197,195,191,184,186,189,187,193,199,210,241,221,0,0
392,276,218,200,189,185,172,173,170,171,172,175,182,194,201,205,198,267,214,197,186,178,171,169,162,168,167,174,180,188,208,224,211,246,218,196,183,177,165,163,157,160,157,165,170,182,198,223,177,232,201,184,177,171,159,160,152,154,155,164,167,178,192,221,188,219,204,187,177,164,158,155,156,156,159,158,165,170,191,207,169,208,190,177,170,167,160,153,150,158,155,162,163,171,184,204,174,193,186,175,170,166,160,154,154,153,155,158,162,167,177,187,178,170,179,182,171,165,162,155,154,154,151,158,159,168,175,189,179,157,190,189,176,166,162,156,154,152,154,154,159,168,174,194,185,160,181,187,175,173,163,157,158,157,156,160,162,171,181,186,169,234,204,190,179,172,168,166,158,161,161,164,167,171,183,195,176,213,175,198,190,180,174,168,170,166,164,167,170,178,189,198,165,0,209,197,194,181,178,172,173,170,172,173,176,185,199,214,187,224,221,200,203,190,186,180,175,178,179,179,185,190,212,214,209,0,220,229,218,201,195,188,187,187,183,189,191,200,216,238,168,0,0,176,219,223,207,204,196,195,200,194,206,213,226,259,0
434,285,240,208,196,194,190,187,186,185,188,194,198,204,208,218,207,344,249,203,193,184,184,177,182,180,184,190,195,210,224,237,234,323,241,210,188,182,180,180,183,174,180,182,190,206,233,248,186,307,227,203,186,180,178,170,173,173,177,183,186,200,214,268,195,226,216,191,183,174,172,172,174,173,171,175,182,193,226,245,179,244,208,190,184,177,164,171,170,172,177,177,181,194,205,229,182,186,206,193,185,173,173,172,173,168,167,170,177,193,204,222,178,187,198,183,181,178,167,173,170,167,168,173,169,189,199,214,184,182,176,196,175,178,177,174,170,171,172,175,180,184,203,227,188,181,204,191,192,184,178,174,170,171,172,175,181,185,202,223,189,0,193,209,200,190,183,177,178,174,174,178,180,191,199,223,196,0,194,201,201,192,182,186,183,180,183,185,190,194,203,234,232,0,190,214,207,199,194,188,189,187,190,189,194,207,217,236,204,0,130,202,220,208,201,197,197,191,192,193,205,212,229,249,203,0,168,235,238,221,214,208,205,207,201,208,215,228,231,238,164,0,0,214,231,222,225,215,213,213,217,219,223,225,245,249,0
438,304,253,221,213,211,199,203,196,200,204,208,211,212,205,206,257,361,280,227,220,209,202,205,198,206,206,212,225,236,243,250,218,364,273,237,220,210,202,200,207,199,207,213,222,233,263,288,218,323,258,223,207,205,199,200,201,203,198,203,212,229,266,326,235,285,242,224,204,200,193,197,195,195,200,204,222,229,276,313,210,224,231,217,204,197,194,191,189,192,196,199,213,218,255,297,211,288,219,216,213,197,192,193,194,192,194,201,209,217,243,264,203,247,223,208,215,199,195,197,196,193,195,195,205,215,239,321,215,268,217,216,210,202,198,197,193,191,198,196,208,219,240,274,222,0,194,211,216,207,203,199,196,199,196,202,207,219,229,291,213,0,244,221,212,215,210,203,200,201,201,204,211,221,236,248,179,0,247,214,213,222,214,207,205,201,209,212,222,229,244,251,235,0,151,227,225,218,218,216,218,207,214,213,226,233,259,227,204,0,197,230,235,237,224,223,221,221,227,225,239,240,255,230,0,0,0,253,227,241,235,238,231,230,231,234,248,250,262,280,252,0,0,0,229,256,250,246,245,245,242,248,259,262,304,284,0
443,318,246,215,205,200,204,200,204,197,206,208,213,217,209,216,245,371,269,244,225,211,208,203,204,204,206,215,226,238,241,260,266,381,272,235,220,210,203,204,203,202,205,210,224,230,266,309,222,343,267,216,207,205,198,202,198,198,200,208,219,232,272,337,233,305,243,232,213,202,197,196,195,196,199,207,208,228,265,321,205,258,225,211,207,200,198,192,195,193,195,198,206,224,249,352,205,172,201,223,210,198,197,198,191,192,197,199,209,217,244,305,186,0,213,205,206,196,194,198,194,195,197,197,205,219,229,284,204,81,221,228,213,201,202,197,196,196,196,201,209,224,231,273,216,0,191,213,214,208,205,201,197,202,200,203,210,219,229,291,220,0,197,228,214,216,211,202,201,205,205,204,213,224,247,254,222,0,180,234,217,220,215,214,207,212,209,214,209,223,237,233,0,0,231,196,218,220,219,217,214,214,211,212,220,223,261,272,233,1338,0,250,238,229,224,222,214,211,212,219,227,240,236,261,0,0,0,196,250,228,227,221,216,223,223,225,231,234,280,0,214,0,0,0,237,178,250,242,231,228,241,254,216,214,208,0,0
457,324,254,216,202,202,209,209,209,208,215,205,214,214,212,206,333,390,312,264,238,237,233,231,228,230,230,237,242,248,247,253,258,495,342,273,249,247,239,234,235,231,230,235,252,255,269,311,297,0,345,273,255,241,233,228,225,227,225,230,236,259,305,343,246,461,326,263,251,236,231,223,222,220,225,228,231,247,291,340,236,0,263,226,243,233,220,221,225,223,228,224,235,244,280,403,175,0,229,258,232,235,227,222,219,223,215,226,230,236,267,365,236,0,0,194,238,238,231,222,220,222,221,224,230,243,258,303,193,0,101,234,243,238,237,220,222,219,218,229,229,238,271,301,227,0,0,186,227,238,229,231,227,222,227,225,234,238,251,330,218,1001,0,231,234,235,228,228,229,226,233,234,238,245,264,277,0,0,0,142,250,246,241,238,231,231,236,235,240,253,250,281,255,0,0,0,223,262,255,246,242,239,238,242,250,262,282,293,0,0,0,0,234,267,267,254,251,245,249,255,251,267,281,246,270,0,0,0,282,259,269,263,254,262,260,265,267,286,281,317,153,0,0,0,251,266,269,277,269,267,265,270,286,285,305,0,0
448,307,241,213,206,192,188,193,190,190,193,202,203,213,215,209,246,343,257,212,200,191,190,189,192,188,193,203,210,218,241,235,204,357,244,214,201,189,187,185,190,186,187,190,204,217,238,264,202,328,240,206,187,185,184,181,181,183,180,188,199,217,234,300,185,310,206,205,190,182,181,175,176,178,180,187,190,197,240,315,199,242,202,200,190,186,176,175,178,179,181,184,188,205,221,292,206,205,206,193,184,182,175,178,179,176,179,178,189,192,207,243,194,0,213,198,189,182,177,181,177,172,180,183,187,194,214,228,206,157,202,197,192,190,182,179,181,178,180,185,192,200,217,235,196,0,217,196,199,194,187,179,182,182,184,185,190,201,220,239,208,0,224,212,207,194,195,188,186,187,185,190,200,205,209,247,178,0,227,212,211,202,199,197,189,191,192,199,194,207,217,245,203,0,163,211,221,215,201,196,200,195,197,202,207,216,228,233,226,0,189,217,223,216,214,209,211,204,201,210,209,219,235,272,191,0,151,237,239,214,226,218,211,211,214,218,221,231,246,239,208,0,0,215,231,236,233,226,224,225,227,222,227,248,281,281,0
368,235,188,172,166,165,157,158,156,162,159,163,176,183,205,212,179,212,185,167,160,159,156,150,150,151,157,161,170,184,201,221,157,191,178,170,153,157,150,149,143,145,150,156,166,176,201,225,163,191,174,166,159,149,146,144,143,144,147,149,157,165,185,219,153,183,173,158,152,151,141,142,139,140,147,151,156,167,181,211,155,181,165,161,154,149,145,140,140,139,140,152,156,164,180,204,162,188,171,160,151,150,145,144,141,141,142,149,152,161,174,197,153,179,169,160,156,150,148,145,141,143,146,147,152,158,175,189,170,167,177,165,158,155,150,143,146,143,146,148,154,158,176,176,177,176,175,169,163,156,149,151,149,145,148,154,154,166,176,184,172,162,193,175,164,159,155,153,152,154,153,155,161,166,173,199,174,164,185,183,173,167,164,159,158,155,155,157,164,173,187,195,178,217,187,184,177,169,166,166,164,163,161,163,169,177,192,197,194,0,167,194,185,178,176,172,170,166,170,173,177,185,200,227,211,0,193,208,196,191,182,175,181,180,174,184,182,191,212,229,197,0,160,209,200,197,198,190,189,190,187,195,192,205,206,225,0
425,290,236,207,201,197,190,185,187,196,192,199,205,210,212,219,193,296,239,215,197,195,190,185,187,189,193,199,210,229,242,257,199,277,230,210,192,194,185,183,183,186,188,195,209,220,243,286,222,266,221,204,192,182,182,178,177,184,184,194,198,221,260,307,187,251,222,194,185,184,184,176,177,183,180,189,193,200,247,294,199,226,205,194,183,178,179,174,175,178,178,183,192,206,223,340,207,213,193,194,185,180,179,176,177,176,178,181,190,202,230,270,192,208,201,199,193,189,181,179,179,183,182,189,188,202,219,267,208,216,212,201,192,187,181,177,180,173,181,187,189,199,208,244,194,252,217,198,194,188,184,183,181,181,183,188,192,207,215,253,205,207,211,207,206,194,187,188,186,183,189,194,200,215,214,242,215,0,187,204,200,198,193,194,188,187,194,196,200,209,222,260,213,139,223,221,216,207,200,194,194,192,197,199,210,216,221,272,212,127,218,222,212,211,213,206,204,199,206,209,217,220,231,263,224,0,0,231,227,221,215,213,213,210,214,217,216,228,251,214,249,0,0,220,244,228,232,225,221,224,229,231,228,253,281,0,0
208,182,173,166,161,161,163,164,167,176,184,189,200,210,214,215,156,174,163,165,155,159,158,156,165,171,173,194,213,236,242,244,155,170,157,156,153,155,156,156,157,168,174,194,217,247,259,291,151,170,157,153,148,149,152,152,156,159,165,188,207,247,324,379,151,167,158,154,148,147,147,149,156,154,167,178,205,254,327,0,154,164,160,155,148,149,146,149,151,154,162,172,196,221,362,407,147,165,156,154,147,144,148,147,153,157,162,174,183,213,341,0,149,169,161,149,148,149,149,147,155,157,160,169,173,191,256,0,149,168,160,151,148,148,151,148,154,154,164,170,180,197,245,0,150,172,163,152,152,149,149,152,156,158,165,177,180,198,234,0,165,173,161,157,156,155,153,152,158,163,164,173,183,199,201,441,159,170,170,164,162,162,157,164,166,163,172,182,189,199,207,96,172,181,173,170,167,167,163,163,166,170,179,180,199,213,220,0,166,183,182,173,171,171,170,173,173,177,183,192,197,200,185,0,185,206,191,185,184,178,177,179,179,182,189,199,210,220,329,176,194,196,207,195,192,188,187,185,189,185,194,208,211,207,251,0,0
380,231,180,148,134,124,118,119,118,119,123,130,139,167,192,201,126,249,167,143,125,118,112,113,113,111,115,123,132,148,183,221,136,248,171,143,120,119,113,108,110,112,112,123,127,142,169,227,157,235,171,140,124,112,113,107,105,107,110,119,129,136,155,212,125,237,175,141,119,115,112,108,109,107,115,114,123,134,156,197,147,240,173,147,125,114,111,113,107,109,112,113,119,133,144,182,181,248,185,141,127,123,111,108,108,106,112,115,121,132,151,177,137,242,180,148,131,118,117,115,107,110,113,115,120,131,149,157,157,247,180,151,136,120,117,114,109,108,111,117,123,132,151,172,128,218,180,146,134,124,119,117,113,115,117,125,129,138,156,178,147,184,174,145,140,125,122,119,117,120,121,127,130,140,157,177,150,150,169,148,139,131,127,126,125,124,127,130,138,146,162,158,146,143,146,149,144,138,134,128,128,133,133,135,139,147,156,177,146,0,160,167,154,146,136,139,137,143,136,137,148,157,175,186,154,108,194,175,166,152,146,145,143,143,147,150,156,166,173,161,136,0,94,174,162,158,161,149,152,150,155,156,161,170,190,0,0
177,117,96,90,82,77,78,75,77,80,81,84,88,103,123,161,80,113,95,85,80,79,75,76,75,76,76,82,86,97,113,135,85,107,93,81,76,77,80,74,76,76,79,80,81,89,108,128,88,104,95,84,81,81,75,76,74,71,78,79,84,87,102,118,81,100,92,85,80,79,75,74,74,75,76,77,84,90,104,121,85,109,94,87,81,76,78,75,79,78,79,80,82,88,101,116,83,114,93,87,88,80,81,77,77,75,83,84,85,93,105,118,89,113,98,88,84,83,80,79,80,78,81,84,87,96,106,115,102,119,106,92,88,84,82,78,80,78,83,85,89,92,106,122,93,120,110,100,94,90,84,87,85,84,86,91,94,101,109,127,101,126,114,105,98,91,89,87,89,87,88,90,100,106,114,136,99,128,116,109,102,97,93,92,88,93,94,97,100,111,121,138,107,134,123,116,108,101,98,92,97,96,97,103,108,118,125,147,128,115,131,117,114,107,101,100,103,104,109,108,110,119,134,149,116,118,137,134,123,117,111,110,109,108,108,113,124,131,139,159,139,94,132,135,133,125,122,118,116,119,119,127,130,135,158,172,0
327,180,147,121,118,105,105,106,104,107,115,117,130,155,182,207,122,164,129,119,108,103,99,100,99,101,105,113,126,140,174,209,107,162,129,115,108,97,99,95,100,101,106,106,119,134,165,209,113,153,130,116,106,102,99,98,97,95,101,106,115,125,154,212,128,157,132,115,107,99,98,98,96,99,102,107,110,125,142,182,108,156,132,117,104,104,94,98,99,97,101,103,108,123,137,156,117,166,131,121,106,102,102,99,96,99,103,106,112,122,137,165,106,167,139,122,110,109,101,98,94,100,99,107,110,122,139,158,117,165,139,127,111,105,103,99,99,95,105,110,119,125,139,166,133,155,146,127,114,111,109,101,102,104,107,112,119,126,144,156,116,153,143,126,120,113,109,109,107,109,109,116,124,134,146,151,133,161,139,136,124,122,115,112,112,112,115,121,128,135,156,163,128,152,146,142,131,127,119,117,118,121,117,125,133,138,150,156,145,133,148,144,140,130,128,127,126,122,129,131,138,147,171,134,150,174,141,150,145,135,138,131,134,132,135,137,139,155,172,156,152,150,138,151,154,147,145,137,142,143,141,143,153,168,178,202,0
405,264,215,175,166,158,151,151,151,151,153,156,164,176,191,199,194,285,196,170,162,151,146,144,143,143,145,149,153,162,177,192,156,251,181,166,153,142,140,139,139,138,136,141,151,157,172,187,165,223,180,160,149,144,135,139,139,136,139,142,146,155,167,179,143,192,171,154,150,139,135,137,136,139,138,138,144,150,158,173,155,184,167,151,146,139,139,138,135,140,132,140,144,153,160,170,156,165,167,159,146,142,135,135,132,132,135,137,144,149,156,170,147,193,158,154,144,143,136,137,135,134,137,137,144,153,156,167,159,176,171,164,151,144,135,138,133,135,140,141,144,150,160,163,156,188,162,156,155,148,144,139,139,136,138,143,147,149,160,181,154,168,163,163,158,151,148,146,138,140,143,144,145,154,164,177,166,196,172,167,160,155,150,149,145,146,145,150,155,160,168,184,168,138,180,186,169,160,157,156,152,151,151,155,160,166,177,181,172,171,163,186,178,174,167,164,155,156,159,165,169,171,179,195,197,155,197,193,186,174,173,173,173,173,173,173,173,173,173,173,173,173,173,173,173,173,173,173,173,173,173,173,173,173,173,173,0
244,185,167,155,146,143,141,140,140,141,145,146,161,170,191,198,140,173,153,142,138,136,134,133,132,136,136,142,149,158,178,211,142,164,151,139,135,135,131,127,129,133,136,139,144,152,175,205,133,157,143,138,130,131,128,126,126,126,131,135,139,151,166,198,134,161,145,138,133,130,129,123,130,128,128,134,138,150,170,184,138,154,144,133,132,129,131,126,123,124,131,139,142,151,159,174,133,151,141,138,132,127,127,127,126,126,129,135,138,148,157,172,133,155,146,137,132,131,128,124,124,129,126,136,143,150,160,176,130,156,144,137,138,131,126,123,127,126,133,136,142,152,163,169,135,160,150,139,135,132,130,128,132,133,135,136,145,152,160,172,149,155,153,143,137,135,132,131,133,134,134,142,151,154,165,173,144,169,155,148,147,140,139,139,136,141,138,148,148,161,173,177,155,176,165,153,151,148,144,141,142,146,146,153,158,163,180,190,154,186,165,163,155,151,153,148,149,151,152,157,166,175,182,182,166,175,180,174,166,160,155,159,159,161,163,165,173,180,191,203,174,205,184,178,174,173,166,163,164,172,173,177,185,189,207,231,0
227,205,200,194,193,187,188,187,195,194,194,192,201,200,199,203,187,198,194,190,188,187,184,184,187,189,187,192,196,199,203,207,193,198,191,189,186,186,186,184,188,187,182,188,196,193,196,209,188,198,185,190,183,184,180,179,183,177,184,186,183,186,190,202,180,189,187,181,182,179,173,176,176,180,182,182,184,179,191,205,177,187,178,183,179,178,177,172,175,180,179,178,177,186,190,197,174,192,188,183,174,176,172,173,171,176,180,173,180,183,189,193,181,187,184,183,177,172,171,171,176,173,170,180,180,186,192,196,184,190,183,181,177,177,175,174,177,172,173,178,184,187,188,207,181,188,191,184,185,177,180,175,172,179,176,186,183,192,195,200,190,190,190,184,181,182,178,181,178,179,184,186,187,190,198,199,187,193,193,192,188,184,187,181,183,183,187,186,194,197,210,209,193,204,202,192,197,199,192,191,190,197,192,196,207,204,205,213,209,211,207,205,204,197,197,198,199,192,206,209,205,209,217,223,214,211,213,211,205,207,208,210,211,203,205,219,213,221,236,223,220,224,224,225,217,226,219,214,223,218,219,223,227,234,231,239,1
228,195,196,190,191,187,190,188,188,187,184,189,197,197,199,195,190,202,203,191,191,187,184,187,188,192,191,192,197,200,210,208,192,197,192,184,187,188,184,186,188,184,185,188,192,198,200,200,183,195,195,185,194,184,178,177,184,186,182,184,190,188,192,203,181,196,180,186,180,173,175,174,175,183,181,179,178,184,192,199,181,191,183,181,182,170,172,170,176,178,175,177,180,175,188,191,176,194,187,177,181,173,171,174,173,180,173,184,181,182,185,195,182,189,182,178,173,169,167,171,170,176,175,178,179,177,188,194,180,190,190,183,176,178,180,173,176,172,175,182,185,188,194,200,179,197,190,186,185,178,184,180,171,178,180,183,188,191,196,196,193,198,186,187,188,183,178,180,178,179,181,185,192,196,191,205,192,190,191,186,190,181,187,188,183,180,191,189,194,202,202,210,202,201,197,200,194,193,190,191,193,193,193,196,199,206,207,209,199,213,210,200,205,202,203,187,199,203,196,203,211,209,224,225,213,206,213,209,216,207,207,209,204,207,208,217,219,228,226,242,227,227,216,231,224,218,219,222,224,216,215,226,225,234,236,237,1
306,229,206,187,168,165,154,149,147,139,144,152,166,181,206,210,198,280,236,192,180,155,143,136,135,133,138,140,161,185,206,237,156,320,245,191,161,152,135,129,129,132,133,138,152,166,209,260,152,374,233,185,148,142,128,131,124,129,131,132,144,159,194,302,165,323,203,170,148,135,134,126,125,130,136,131,138,154,198,295,137,179,167,154,134,131,129,131,125,128,127,129,143,143,173,317,134,173,144,150,136,130,127,124,123,131,136,130,143,157,170,0,138,0,134,135,139,134,131,130,131,129,136,135,145,149,175,0,135,0,135,148,135,134,129,130,136,131,134,138,142,165,200,312,126,0,105,128,148,141,131,130,137,135,142,141,145,156,200,0,139,0,154,148,153,136,138,136,139,144,144,145,154,152,192,0,145,0,115,168,143,150,138,147,140,146,146,143,157,157,189,0,153,0,130,151,148,149,149,152,151,154,154,157,150,173,121,219,172,0,202,167,155,161,163,158,155,162,163,157,163,171,0,0,171,0,0,192,169,160,161,166,163,159,166,172,170,152,118,0,165,0,0,144,161,175,172,173,169,165,174,182,199,176,0,0,1
308,228,215,197,188,194,188,178,183,187,181,193,195,192,203,207,222,300,240,234,202,194,189,175,179,170,174,198,201,220,237,241,193,358,296,228,225,195,182,169,167,170,173,181,205,238,259,292,223,416,316,253,199,176,172,168,164,167,165,184,203,243,308,305,250,557,248,242,185,179,159,167,163,159,172,180,197,247,332,614,165,0,113,192,170,168,165,165,162,161,161,172,192,218,0,0,259,541,388,267,209,175,170,164,161,162,163,172,195,224,0,0,0,420,409,293,200,178,165,162,161,165,161,174,194,217,507,0,152,101,93,104,160,168,164,167,166,163,173,182,207,309,0,818,159,0,0,141,169,171,168,164,172,172,171,177,208,243,0,0,174,0,81,163,188,170,167,173,173,174,180,183,208,267,0,1370,110,0,0,140,204,185,174,180,190,180,174,190,211,216,0,1228,184,0,0,180,187,187,193,183,180,187,184,193,209,0,1496,0,240,0,131,117,182,190,198,184,192,187,197,207,200,0,0,0,158,1241,0,155,177,197,190,193,197,195,199,195,215,0,0,0,196,0,0,0,195,206,214,208,209,216,211,224,241,0,0,0,1
296,222,202,185,167,165,164,159,165,167,162,171,174,187,192,204,201,250,196,191,169,162,153,142,151,153,154,169,174,188,212,240,148,243,204,147,149,144,152,159,144,148,162,154,153,188,193,277,149,238,182,177,169,151,138,142,137,141,135,156,156,167,182,275,145,192,181,147,142,144,131,142,141,139,146,142,144,155,214,324,147,147,150,144,144,146,148,145,144,137,137,144,146,139,163,233,157,193,147,148,145,152,138,145,135,132,140,151,139,153,163,224,148,170,159,150,151,152,140,143,141,134,136,138,144,146,154,226,157,145,181,151,155,156,155,141,143,146,144,144,152,155,164,242,157,147,170,151,165,152,152,155,147,144,146,153,145,167,188,162,160,157,147,156,148,157,157,151,144,150,154,147,151,153,171,239,162,170,159,152,156,169,167,153,145,155,160,155,155,160,200,262,174,0,225,164,164,171,172,171,159,163,168,164,167,163,175,188,162,0,188,172,174,170,176,176,172,173,167,165,165,168,197,192,135,0,0,140,199,174,185,181,182,167,177,172,168,176,194,236,198,0,0,213,187,171,175,184,186,189,183,178,192,191,206,0,1
288,219,199,186,185,180,183,178,180,170,172,173,182,188,200,200,220,306,251,211,194,189,182,174,172,182,174,175,180,200,228,251,184,340,267,207,201,176,182,184,170,150,170,159,179,212,237,296,231,319,230,216,197,185,171,167,165,159,155,157,169,184,248,344,172,352,198,189,178,155,159,155,148,152,155,146,160,177,239,0,160,0,192,179,171,161,153,160,158,151,150,153,161,162,189,408,195,0,174,156,153,184,164,155,159,160,148,136,160,163,197,0,171,249,200,186,175,158,170,160,166,149,149,150,149,160,187,0,173,0,158,161,167,178,168,159,162,153,156,148,148,161,225,543,166,0,163,196,166,155,164,167,166,163,152,159,159,177,240,0,186,0,184,181,176,173,177,161,167,156,163,159,163,182,249,0,198,352,281,201,194,183,176,172,168,163,173,172,163,171,224,0,225,1004,0,275,215,199,204,189,187,175,172,174,173,186,163,0,292,1212,0,358,225,196,200,181,184,187,178,171,174,191,0,0,220,788,0,160,192,201,197,206,185,178,171,174,194,238,0,1279,188,0,0,192,0,183,226,196,193,194,186,196,202,208,266,0,1
321,216,205,195,183,180,185,174,178,182,175,180,187,184,204,205,228,289,229,208,200,193,179,175,195,176,187,194,195,205,219,243,193,314,248,228,206,184,172,168,175,184,169,171,178,210,230,284,236,0,228,204,186,184,181,170,166,164,177,172,189,204,227,303,165,237,243,174,179,163,169,177,172,162,171,172,190,200,213,329,170,0,172,182,167,162,165,169,163,162,164,174,158,184,235,421,162,0,177,167,164,164,169,161,161,158,156,169,179,165,201,239,156,0,153,164,169,170,158,154,155,158,160,173,183,169,200,263,171,0,186,157,174,164,166,158,160,167,170,166,184,200,214,0,160,0,144,171,172,170,168,167,167,170,170,166,173,179,182,0,167,0,0,170,177,167,170,169,168,179,181,184,165,177,205,223,159,0,185,153,175,170,174,185,177,180,178,178,187,186,202,159,184,0,56,129,186,190,187,198,198,183,189,189,190,192,201,180,156,1250,0,0,153,167,195,194,192,196,196,192,181,188,205,219,0,0,0,0,207,163,188,181,192,207,193,195,191,204,232,157,234,0,0,0,158,255,203,212,209,216,202,199,214,225,257,239,1
296,225,195,184,168,169,153,147,146,141,156,157,159,162,173,181,147,267,204,179,159,137,135,137,141,138,143,135,145,148,157,187,157,256,206,159,139,135,127,132,129,131,120,128,132,150,153,154,168,254,160,141,125,132,136,125,135,135,138,138,138,137,148,151,133,194,130,140,133,137,134,132,129,128,130,131,136,132,132,149,138,173,149,131,133,127,130,128,131,127,134,128,139,131,151,156,128,196,138,132,134,128,129,128,125,129,127,135,132,141,136,139,129,133,136,135,133,132,130,122,124,127,129,138,142,142,142,144,144,138,129,133,128,129,132,129,131,127,131,132,137,149,159,141,144,148,134,146,137,147,139,137,126,132,140,140,143,142,151,148,152,132,155,148,130,144,141,135,137,138,148,140,148,138,148,165,141,0,169,145,140,139,133,133,145,138,143,147,148,154,154,180,159,0,164,134,144,146,138,147,148,147,151,157,159,160,156,164,142,0,0,157,168,158,155,162,155,154,163,160,157,159,165,174,155,0,0,170,155,154,158,149,165,162,162,164,167,161,162,181,128,0,0,0,203,194,170,166,176,172,180,175,165,170,178,202,1
286,223,207,195,194,191,194,192,193,191,198,196,199,200,196,201,231,276,252,223,224,219,216,223,222,230,224,225,230,231,231,234,259,332,253,245,235,231,233,243,230,230,230,237,231,238,231,245,236,278,268,242,230,233,234,227,229,223,224,231,227,219,222,245,235,343,248,227,232,224,227,224,216,222,220,219,220,226,242,230,268,279,244,244,227,235,224,233,231,218,222,233,225,233,234,243,235,276,248,232,243,233,226,223,226,221,220,220,225,229,234,230,245,255,220,242,225,230,229,224,229,222,215,224,234,238,233,255,224,0,253,225,246,226,222,228,228,219,224,217,224,234,236,257,229,240,256,259,237,232,236,234,232,231,224,229,222,229,251,260,255,195,245,244,238,241,232,236,225,227,230,236,231,249,251,260,244,0,240,242,242,242,237,231,238,239,239,232,241,245,265,272,229,308,288,260,241,251,232,250,239,246,252,234,251,256,259,295,263,0,248,252,262,263,250,247,256,252,240,260,257,265,278,275,287,0,0,282,288,283,254,287,300,274,299,254,253,301,300,291,290,0,0,285,257,278,254,263,291,278,274,286,279,322,267,380,1
291,235,201,188,191,179,179,181,172,170,168,165,163,182,182,204,227,285,249,220,208,191,188,168,158,158,148,151,153,170,210,215,205,366,291,217,202,194,170,162,151,143,145,144,147,171,188,237,214,342,303,228,189,189,163,149,146,143,143,149,150,158,186,250,158,426,239,197,180,171,159,147,147,155,151,152,148,159,164,191,160,0,0,156,173,161,161,153,149,148,150,143,151,152,155,210,192,0,161,165,154,165,152,165,152,149,148,145,138,142,155,190,152,0,136,167,163,170,155,152,163,154,148,135,139,143,151,203,168,0,191,180,143,184,159,157,153,155,150,140,142,138,163,205,156,0,245,186,159,154,157,163,153,151,153,146,151,145,162,189,188,267,139,145,151,165,170,164,156,166,153,153,148,150,159,206,123,0,134,226,196,167,189,170,166,157,160,160,154,147,169,211,181,428,172,180,199,162,164,167,173,161,173,159,153,161,187,0,143,1236,0,170,174,195,181,202,184,172,164,152,173,154,208,0,233,0,0,230,176,164,191,169,198,185,184,172,169,149,135,0,145,0,0,0,228,216,185,223,219,200,188,204,210,168,204,0,1
291,216,206,190,187,186,181,178,170,176,171,177,181,181,190,197,191,288,246,213,201,183,185,171,165,160,158,167,165,172,195,218,221,352,249,216,194,180,171,170,154,158,151,157,160,161,184,226,254,443,267,222,177,165,155,152,159,154,155,150,150,169,171,218,162,0,215,183,166,164,153,158,155,150,154,160,162,161,173,208,140,0,189,178,166,150,155,152,159,159,160,155,161,177,175,197,156,0,196,149,143,147,149,155,148,154,152,159,161,170,161,221,155,153,133,170,161,152,147,146,143,147,155,155,164,154,174,191,131,1968,127,150,148,154,147,143,148,154,154,160,154,163,168,190,144,0,134,150,160,154,157,148,152,156,158,161,167,168,184,232,166,0,134,158,165,165,153,157,163,160,156,170,154,173,179,233,120,0,0,177,174,166,165,179,165,178,171,166,179,178,184,193,133,0,0,143,147,174,174,170,164,158,169,183,184,188,212,166,108,0,0,0,174,173,172,182,170,170,199,176,186,177,211,265,158,0,0,0,161,193,177,194,207,182,180,192,199,187,234,167,27,0,0,0,181,225,214,200,191,189,202,193,198,189,210,0,1
239,163,137,118,109,101,105,103,112,107,99,99,98,107,109,117,103,136,115,105,102,101,98,101,107,100,95,94,91,102,104,108,101,119,111,98,104,102,97,101,103,96,98,102,101,107,111,118,100,120,102,100,91,101,97,98,92,100,105,106,109,109,114,116,98,111,104,98,99,94,94,99,97,98,100,107,108,115,118,116,103,107,102,96,97,97,97,101,95,96,99,102,103,109,112,120,95,98,98,94,97,96,98,94,96,97,102,104,104,110,110,121,102,110,101,102,92,95,85,88,95,100,104,102,106,113,107,113,95,110,105,98,98,90,90,93,99,103,107,109,112,112,118,114,96,114,109,106,98,96,95,101,102,104,111,114,110,108,116,124,102,103,112,102,102,104,105,104,109,108,108,115,120,119,122,132,111,135,112,110,112,109,107,112,110,113,116,126,121,129,132,122,119,112,110,115,113,113,115,118,112,116,118,121,121,124,135,137,118,128,123,119,116,120,118,115,122,117,121,119,139,130,140,141,134,151,117,116,121,125,123,126,131,126,119,129,134,133,154,150,106,130,123,127,140,138,124,131,136,143,144,134,143,157,156,172,1
64,65,61,61,60,66,60,61,57,63,62,64,62,68,70,69,61,63,64,62,58,61,64,64,62,60,63,62,62,66,70,74,59,60,64,60,64,57,62,63,59,61,60,64,65,67,70,68,62,62,66,66,62,61,60,64,60,60,60,59,64,67,65,73,64,64,70,66,64,61,61,60,57,60,63,61,64,69,69,69,67,70,65,64,61,62,61,61,62,61,61,67,70,69,65,71,60,65,68,64,61,58,57,55,56,61,64,63,67,68,71,74,65,69,69,69,64,56,55,58,53,58,64,66,68,69,77,75,63,71,68,68,64,61,59,53,54,57,67,70,72,77,74,82,66,73,67,69,68,65,62,59,64,65,66,70,75,76,77,81,76,77,78,73,73,71,74,70,73,74,74,82,79,75,78,84,75,83,84,81,79,78,77,80,80,76,76,80,84,83,87,88,89,89,85,81,83,81,81,82,79,83,85,81,90,91,90,95,87,91,92,87,86,84,79,84,80,87,87,87,90,89,98,95,92,99,98,97,97,88,90,93,87,91,92,91,93,103,104,102,101,99,97,104,101,97,95,94,98,98,88,98,104,104,104,108,1
122,118,117,119,115,114,114,112,113,114,117,115,118,121,125,128,111,114,112,111,108,109,109,108,105,107,106,108,110,113,118,115,112,124,110,113,112,107,107,103,104,102,105,107,108,111,110,117,114,121,122,116,116,113,105,101,102,102,104,104,105,107,113,115,114,119,119,121,116,109,102,99,102,99,104,103,106,109,110,115,102,116,113,111,104,101,102,98,98,103,102,101,106,106,109,114,104,113,109,103,105,100,101,94,101,102,103,105,102,106,113,111,107,110,108,107,104,102,101,99,102,100,103,104,106,112,113,119,108,116,110,107,106,108,101,102,103,106,105,106,112,114,116,122,110,121,117,111,108,107,109,105,103,109,108,110,110,115,119,124,111,125,117,114,112,112,110,112,113,112,113,114,117,117,120,130,118,127,122,119,120,115,115,115,113,115,115,117,118,125,127,135,125,132,127,126,125,118,119,121,119,118,121,124,124,131,137,145,128,139,136,130,131,133,126,123,130,127,129,131,135,143,141,153,138,143,143,137,135,140,133,135,134,139,142,142,143,150,153,157,149,150,153,145,147,142,149,142,146,148,145,148,151,157,158,165,1
231,202,191,190,188,182,183,184,186,184,183,183,193,191,193,194,184,195,184,187,182,181,177,180,177,172,177,184,185,183,185,187,183,194,187,177,176,183,176,172,171,169,174,177,171,177,183,193,174,180,177,177,176,174,169,170,169,167,169,167,174,175,183,188,179,197,174,176,178,171,173,170,169,172,173,164,167,173,176,183,182,187,183,171,180,175,169,168,165,169,169,163,167,173,177,186,170,183,178,177,176,176,170,165,162,165,164,166,168,177,183,192,173,184,176,176,172,167,171,163,167,163,165,167,170,172,185,191,173,186,178,175,168,171,170,168,166,164,164,168,175,175,186,189,174,185,188,179,175,173,174,174,171,170,172,169,177,183,187,193,183,192,189,182,179,178,173,171,177,175,175,171,178,185,190,200,180,200,193,192,181,178,184,179,181,180,177,184,187,183,197,195,197,203,198,196,184,191,189,187,196,191,186,194,195,199,207,213,201,209,207,206,203,195,199,194,194,193,197,201,200,210,211,224,205,219,213,204,203,200,202,198,204,203,205,203,206,211,218,224,217,231,225,222,219,212,201,201,208,209,215,211,218,231,242,251,1
300,226,198,184,187,181,182,181,171,180,170,177,177,183,195,198,208,284,236,218,199,197,187,174,173,181,179,183,173,187,194,220,254,350,276,220,190,173,174,169,169,163,182,175,175,187,201,249,197,374,267,221,190,173,166,151,153,160,151,164,179,174,167,243,185,0,207,197,176,147,158,160,157,161,159,152,167,176,188,208,180,0,190,162,162,162,163,165,163,160,156,163,159,168,167,196,177,286,127,161,166,164,159,160,153,155,160,159,159,166,172,190,146,0,163,152,153,158,153,151,147,156,155,167,164,171,170,170,174,289,0,154,158,170,161,163,156,155,161,167,167,160,167,231,168,0,173,155,155,170,152,167,164,160,163,170,170,161,176,224,155,0,80,187,156,161,161,169,168,165,166,166,171,171,188,225,172,0,256,154,151,152,173,176,165,170,166,180,175,178,188,248,66,0,0,174,170,183,186,174,190,186,180,183,176,189,206,254,187,0,0,0,170,165,191,184,184,181,186,187,187,193,201,274,167,0,0,0,178,181,177,199,197,192,199,194,193,199,219,289,253,0,0,0,139,163,227,207,207,201,200,194,204,216,245,358,1
290,226,203,194,193,190,186,182,180,185,188,182,187,186,200,201,209,286,228,224,206,197,196,189,185,185,184,195,195,204,209,240,231,342,268,258,209,209,202,185,191,179,191,185,207,203,224,272,217,365,340,233,210,179,171,169,177,178,170,187,185,205,238,269,178,0,246,225,208,169,176,177,172,171,173,174,183,190,252,339,182,0,184,198,193,173,173,171,167,164,177,171,165,170,192,184,190,0,0,156,168,179,174,170,179,170,162,175,165,187,188,265,158,0,68,164,165,178,164,172,167,167,161,176,179,197,207,234,171,0,165,157,170,178,175,174,162,173,168,177,176,197,206,230,150,0,0,156,187,171,177,176,164,168,181,181,178,189,235,313,155,0,0,166,186,176,179,173,174,179,184,176,185,200,223,376,171,0,0,161,174,176,175,187,181,192,192,187,185,192,222,366,153,0,0,167,165,204,194,193,193,193,191,191,200,202,238,360,168,0,0,189,159,187,180,209,199,194,197,194,202,207,263,365,175,0,0,0,187,193,202,207,212,210,210,200,194,197,253,470,0,0,0,0,0,183,238,221,226,240,214,223,218,223,265,0,1
189,179,172,170,163,163,165,165,161,160,160,167,167,171,174,181,157,166,160,153,155,152,155,156,154,151,154,153,158,161,162,167,151,164,164,158,151,146,147,150,149,152,149,152,149,159,160,161,154,165,155,143,150,149,145,147,148,147,145,148,158,149,156,158,150,161,148,150,151,150,153,150,145,144,143,149,153,150,158,158,153,154,156,146,153,151,150,151,146,143,146,146,147,151,153,159,151,157,157,151,147,152,149,142,144,142,143,144,149,152,152,158,149,168,154,150,149,144,144,141,142,138,147,148,152,153,157,163,151,166,156,151,152,145,145,143,145,142,147,153,154,151,156,163,151,168,159,155,156,156,150,149,145,152,151,153,154,156,159,166,156,166,165,159,159,156,154,155,156,153,156,157,157,158,165,171,168,169,173,169,164,158,157,158,157,159,159,163,158,169,171,178,167,179,175,169,166,168,168,163,166,163,164,166,172,174,178,186,175,181,176,175,172,172,170,169,171,174,176,173,182,190,189,188,180,190,185,185,182,184,176,182,177,181,180,184,185,188,195,195,191,197,194,192,197,189,182,183,192,188,187,194,194,199,200,204,1
265,189,162,131,117,125,126,116,113,114,100,109,109,117,125,135,134,178,145,116,123,106,115,111,105,109,105,110,115,101,115,125,115,159,133,115,113,111,108,102,105,111,103,102,113,103,114,112,128,130,128,115,112,116,114,109,103,106,100,102,106,101,106,105,116,135,117,121,117,109,110,103,109,108,101,106,103,102,104,103,109,128,130,123,112,107,111,111,105,107,100,102,107,96,101,107,119,130,117,125,121,107,122,105,107,106,102,97,98,104,105,110,119,117,119,112,121,110,109,104,109,105,100,95,99,97,108,114,127,128,135,124,117,118,116,111,109,106,98,104,104,106,112,122,126,125,132,129,127,122,118,112,115,115,106,105,110,115,113,120,128,138,132,132,131,135,123,117,117,120,117,116,118,114,121,132,130,129,137,125,126,125,126,120,122,119,115,116,117,123,123,148,126,131,147,137,132,126,131,128,121,123,117,121,120,115,136,164,140,130,149,141,141,146,131,131,129,130,126,134,121,129,131,184,151,146,147,150,136,149,151,143,143,133,134,141,134,140,149,193,150,0,131,136,161,161,151,148,141,144,147,140,136,142,159,213,1
281,192,182,150,130,121,130,116,112,113,115,118,115,118,118,140,131,195,149,137,120,118,123,112,119,108,113,107,109,105,115,120,124,177,141,110,115,124,109,111,104,106,109,104,104,107,107,112,117,149,142,118,114,112,112,106,103,112,105,106,104,111,111,105,123,148,115,112,115,113,105,116,108,111,113,107,104,106,106,114,117,126,108,113,116,117,112,106,111,108,102,107,108,109,107,117,116,140,135,119,116,112,121,113,111,105,103,103,101,106,111,114,115,120,122,115,119,112,115,106,110,105,103,98,103,108,114,118,110,140,119,125,123,123,112,110,111,111,105,103,107,107,110,119,126,114,145,131,125,125,123,118,115,112,110,109,117,116,116,128,131,148,140,136,131,124,127,121,116,123,115,122,120,120,123,132,135,146,135,125,125,123,120,125,122,120,120,119,124,124,125,137,132,129,139,125,122,134,132,124,119,126,127,127,122,119,129,141,148,176,123,139,131,133,131,128,135,133,128,132,127,131,139,149,144,187,114,157,139,142,139,146,145,147,139,149,142,139,144,165,181,39,118,145,127,151,158,157,151,146,147,147,139,147,149,188,1
203,194,194,190,189,185,190,191,194,193,203,201,201,213,210,220,187,192,191,188,187,188,190,190,191,195,200,197,203,212,218,220,189,183,186,186,184,183,184,185,187,184,189,196,200,204,211,218,178,189,182,179,180,177,180,185,180,184,190,193,197,204,214,218,185,187,180,179,175,177,178,180,181,183,187,188,193,201,208,213,176,183,176,177,178,174,178,179,178,184,185,194,191,204,207,212,178,186,184,173,175,172,177,180,180,181,181,192,197,200,206,217,179,184,180,182,180,178,180,178,176,180,190,188,199,201,212,211,181,186,182,185,176,179,176,182,182,186,186,191,198,202,216,219,183,194,188,188,183,183,183,181,185,190,193,197,203,204,215,221,187,195,192,190,189,188,190,189,190,192,196,201,207,219,219,219,192,195,197,193,192,189,193,194,200,200,199,208,215,221,223,235,200,205,201,201,196,198,201,199,207,203,213,219,215,225,237,242,208,215,211,208,205,203,210,213,208,212,218,219,224,234,241,246,221,220,218,223,215,218,219,220,221,225,233,229,243,249,255,271,226,228,224,226,231,233,229,230,234,239,249,248,251,253,267,268,1
168,163,149,132,122,124,120,118,121,121,127,132,139,153,166,185,119,156,134,126,115,116,114,113,115,117,119,125,130,143,151,178,115,149,137,123,113,109,111,115,117,113,121,122,127,136,144,174,114,146,134,124,116,109,110,112,115,110,113,117,126,130,143,160,113,140,127,121,112,114,111,109,115,113,117,120,126,129,138,158,117,139,128,121,118,114,111,112,112,116,114,121,125,131,143,152,120,137,126,118,117,114,111,114,113,117,113,118,126,132,143,157,118,139,131,123,119,112,112,114,114,117,121,118,125,134,146,163,122,138,127,127,121,119,116,118,116,118,118,125,129,133,143,161,119,141,133,123,122,122,118,113,120,117,122,130,132,138,148,170,129,149,138,130,125,122,119,120,120,125,126,126,135,140,160,175,136,148,145,140,136,125,126,123,125,129,129,133,142,145,164,193,137,152,153,145,139,136,133,126,133,130,132,139,145,155,176,215,145,169,161,148,145,143,137,133,138,134,141,146,158,164,187,252,149,164,169,157,152,152,145,143,148,144,149,153,158,170,189,286,165,184,177,170,163,155,157,149,153,155,158,160,172,181,201,345,0
233,206,195,180,171,166,169,166,170,174,175,190,195,208,210,211,163,202,193,175,164,162,160,165,166,169,173,183,203,213,228,220,166,190,184,169,161,156,159,157,163,160,170,182,194,218,248,277,172,195,184,164,160,154,156,155,162,163,164,171,185,208,239,278,155,195,179,168,159,155,153,153,155,158,162,166,182,202,222,317,164,190,177,166,161,158,153,152,156,161,160,172,176,189,226,236,153,185,171,163,160,156,153,155,159,156,166,173,175,188,213,311,163,182,172,165,158,153,152,153,155,158,159,172,181,192,224,322,166,190,173,160,160,158,158,157,159,160,166,169,180,197,202,0,159,185,172,166,161,164,159,160,163,164,166,174,181,196,217,0,166,192,178,169,167,161,165,163,165,166,170,175,191,197,254,0,168,192,188,169,173,171,163,169,170,169,174,178,190,205,218,0,174,206,187,189,173,180,173,170,172,178,177,186,189,208,240,3,190,200,195,188,186,180,176,176,179,183,184,196,198,232,231,0,193,207,200,190,191,191,187,192,189,190,195,203,215,238,232,454,205,221,218,206,202,199,204,202,197,199,207,214,223,246,301,0,0
141,118,110,108,106,101,102,104,106,110,111,118,125,144,159,183,101,115,104,101,102,102,104,102,105,104,108,115,120,130,146,180,100,109,105,104,102,99,97,98,102,106,106,111,117,127,138,167,100,113,105,96,95,102,98,101,101,103,103,107,114,124,135,160,99,109,103,101,96,97,94,99,98,100,103,107,116,123,132,152,99,109,104,103,100,99,100,100,96,102,105,109,115,124,135,144,101,109,107,104,100,99,101,105,103,101,101,110,113,125,138,151,102,112,108,105,106,100,100,102,103,103,107,113,120,122,137,150,104,114,109,107,105,104,104,106,107,107,109,117,120,129,136,152,102,120,110,106,107,106,110,106,105,110,110,120,119,129,139,167,113,122,117,110,111,111,105,106,110,113,116,117,124,132,150,166,115,130,127,117,114,110,113,114,112,115,118,122,130,137,152,175,115,135,126,123,117,116,116,118,121,120,124,128,137,138,150,178,128,141,131,128,122,123,117,123,119,128,130,139,143,154,163,189,128,149,144,138,132,129,128,127,133,133,136,143,148,156,169,193,146,159,156,144,145,138,140,141,138,143,142,151,159,167,187,191,0
290,180,150,126,113,107,104,97,98,101,98,106,116,129,158,183,107,161,131,114,110,103,98,99,98,96,101,102,110,118,136,184,108,150,130,112,104,100,97,99,93,95,97,100,109,112,132,170,119,145,122,115,103,100,97,93,94,98,97,99,103,113,127,152,103,139,125,112,104,95,98,95,93,95,93,99,105,111,126,143,113,124,117,112,104,99,97,94,96,97,96,98,104,108,118,147,97,122,122,116,110,101,96,94,96,96,96,102,103,114,125,153,107,139,122,117,108,104,101,98,96,95,97,101,107,116,130,157,123,116,123,118,111,105,102,98,100,100,103,109,112,115,123,158,113,133,135,128,116,112,106,102,104,108,106,110,112,119,138,166,126,133,138,133,125,114,113,106,109,108,106,108,115,126,137,152,117,132,138,140,124,120,113,115,108,109,115,120,124,129,142,148,134,129,130,133,134,127,119,120,116,116,115,126,123,135,150,161,145,43,142,145,136,133,127,123,125,125,127,129,131,138,162,141,140,191,131,137,145,142,139,132,134,132,134,134,139,149,156,170,167,0,160,151,151,142,144,140,138,139,135,146,149,160,153,204,0
